id;rarity;capacity;priceSale;pricePurchase
1;4;1;100;1000
2;4;1;200;2000
3;4;1;500;5000
4;5;1;1000;10000
5;5;1;1500;15000
6;4;1;-1;3000
7;5;1;-1;5000
8;1;10;7;66
9;2;10;16;-1
10;2;5;25;760
11;3;5;92;-1
12;1;10;6;60
13;3;10;92;-1
14;2;5;29;-1
15;3;5;205;-1
16;4;5;67;-1
17;5;5;283;-1
18;1;5;280;-1
19;4;5;58;-1
20;5;5;269;-1
21;1;5;260;-1
22;1;5;30;300
23;1;5;25;250
24;2;10;14;140
25;2;10;8;80
26;3;3;30;300
27;2;10;25;250
28;3;2;210;-1
29;5;1;345;-1
30;2;5;48;480
31;2;10;6;-1
32;1;5;8;80
33;3;3;12;-1
34;2;20;22;222
35;3;10;59;-1
36;4;3;315;-1
37;5;2;1005;-1
38;2;5;10;98
39;4;8;-1;-1
40;5;8;-1;-1
41;6;9;-1;-1
42;7;9;-1;-1
43;5;1;3600;36000
44;5;1;6840;-1
45;5;1;2400;24000
46;5;1;5040;-1
47;4;10;15;150
48;1;10;5;50
49;1;10;19;188
50;2;10;30;300
51;1;10;32;315
52;1;10;3;-1
53;2;10;48;-1
54;1;10;1;-1
55;1;10;25;-1
56;1;10;30;-1
57;4;99;260;-1
58;5;99;480;-1
59;5;99;4000;-1
60;6;99;5000;-1
61;6;99;5000;-1
62;4;10;15;-1
63;1;5;-1;-1
64;1;5;-1;-1
65;1;5;-1;-1
66;1;5;-1;-1
67;4;5;-1;-1
68;1;30;15;150
69;1;99;10;-1
70;2;5;57;-1
71;2;10;45;-1
72;1;10;1;10
73;4;99;40;-1
74;2;10;80;160
75;2;10;44;437
76;2;10;60;-1
77;3;1;30;300
78;4;8;35;-1
79;1;10;24;240
80;1;10;6;-1
81;2;10;54;-1
82;3;2;20;200
83;3;1;46;-1
84;3;1;160;320
85;1;10;8;80
86;2;10;21;210
87;2;10;16;156
88;4;5;52;-1
89;3;3;52;518
90;4;2;80;-1
91;2;10;18;180
92;4;10;68;-1
93;4;10;12;-1
94;1;99;1;2
95;2;99;3;30
96;3;99;5;-1
97;5;-1;0;-1
98;1;99;1;3
99;2;99;2;5
100;2;60;1;12
101;2;60;2;16
102;3;60;3;22
103;2;80;1;4
104;2;70;2;8
105;3;60;2;12
106;3;9;4;41
107;3;9;7;-1
108;3;9;7;-1
109;2;3;4;38
110;3;3;6;-1
111;3;3;10;-1
112;3;60;2;20
113;3;60;2;20
114;3;60;2;20
115;3;60;2;20
116;5;3;10;100
117;2;12;2;17
118;3;12;2;-1
119;3;12;3;26
120;4;8;5;-1
121;3;12;2;17
122;4;8;3;-1
123;3;60;2;17
124;4;60;3;-1
125;2;12;3;25
126;3;8;5;-1
127;3;30;3;30
128;4;10;6;62
129;4;12;6;24
130;6;10;0;-1
131;1;12;2;8
132;2;12;2;15
133;3;5;9;-1
134;3;5;7;-1
135;1;99;6;20
136;3;8;4;-1
137;1;99;1;5
138;2;50;3;32
139;3;20;3;27
140;3;20;2;17
141;3;20;3;26
142;3;20;2;17
143;3;20;2;19
144;3;20;6;20
145;1;99;6;20
146;1;10;2;20
147;3;10;3;30
148;2;10;15;-1
149;4;5;3;-1
150;4;5;2;-1
151;2;10;4;-1
152;4;5;30;-1
153;2;5;7;-1
154;1;5;6;60
155;1;5;16;160
156;3;5;24;240
157;1;5;3;30
158;1;5;8;80
159;3;5;12;120
160;1;5;14;140
161;3;5;30;300
162;4;1;56;560
163;5;1;180;-1
164;1;20;8;80
165;1;1;5;50
166;1;99;1;-1
167;2;1;48;480
168;4;1;550;-1
169;4;1;300;-1
170;5;1;1080;-1
171;5;1;986;-1
172;2;10;45;90
173;1;10;2;20
174;1;10;2;20
175;2;20;4;44
176;1;10;8;75
177;1;10;5;50
178;1;30;2;24
179;1;10;1;14
180;2;10;10;-1
181;1;10;20;40
182;2;10;4;44
183;5;99;30;-1
184;5;3;350;-1
185;2;10;2;24
186;2;20;6;60
187;3;10;15;150
188;2;10;8;75
189;3;10;18;180
190;3;10;40;400
191;4;99;40;-1
192;1;99;6;60
193;2;10;140;280
194;2;10;110;220
195;4;10;78;780
196;2;30;4;82
197;1;99;1;22
198;2;10;12;120
199;2;10;120;-1
200;4;99;20;-1
201;2;99;30;-1
202;4;99;300;-1
203;4;99;500;-1
204;1;99;1;-1
205;4;99;60;-1
206;4;99;80;-1
207;4;99;160;-1
208;4;99;420;-1
209;4;99;320;-1
210;4;99;1150;-1
211;4;99;480;-1
212;4;99;530;-1
213;4;99;860;-1
214;6;99;680;-1
215;6;99;720;-1
216;6;99;1020;-1
217;6;99;640;-1
218;6;99;1720;-1
219;3;10;183;-1
220;4;20;60;600
221;7;99;1280;-1
222;7;99;1920;-1
223;7;99;7320;-1
224;7;99;5160;-1
225;4;99;150;1500
226;4;99;80;-1
227;4;99;300;-1
228;5;99;300;-1
229;6;99;400;-1
230;7;99;600;-1
231;8;99;700;-1
232;1;20;45;135
233;1;10;45;90
234;2;10;45;90
235;1;30;50;190
236;2;40;15;38
237;4;10;150;300
238;4;10;45;90
239;4;10;135;270
240;4;10;13;-1
241;4;10;500;-1
242;2;20;48;-1
243;4;10;100;-1
244;4;10;100;-1
245;5;10;1000;-1
246;5;99;3500;-1
247;1;10;1;-1
248;1;99;3;30
249;1;99;6;60
250;1;99;6;-1
251;1;99;30;300
252;4;10;210;420
253;1;10;2;20
254;2;10;48;96
255;4;99;150;300
256;6;99;350;-1
257;8;99;500;-1
258;4;99;120;-1
259;4;99;200;-1
260;4;99;540;-1
261;6;99;800;-1
262;6;99;1000;-1
263;7;99;1800;-1
264;7;99;1200;-1
265;4;99;180;-1
266;4;99;220;-1
267;5;99;500;-1
268;4;99;18;-1
269;4;99;15;150
270;4;99;96;-1
271;6;99;288;-1
272;4;99;120;-1
273;6;99;360;-1
274;4;99;230;-1
275;6;99;690;-1
276;4;99;240;-1
277;6;99;720;-1
278;8;99;1920;-1
279;4;99;170;-1
280;6;99;510;-1
281;8;99;1020;-1
282;6;99;960;-1
283;8;99;2400;-1
284;4;99;290;-1
285;6;99;870;-1
286;8;99;1200;-1
287;4;20;56;-1
288;4;20;122;-1
289;3;99;10;100
290;4;99;210;2100
291;4;99;440;-1
292;1;99;1;-1
293;4;99;120;-1
294;1;99;15;-1
295;4;99;560;-1
296;6;99;660;-1
297;6;99;840;-1
298;8;99;1320;-1
299;6;99;210;-1
300;8;99;800;-1
301;4;99;150;-1
302;6;99;600;-1
303;5;99;1200;-1
304;6;99;500;-1
305;7;99;1500;-1
306;3;50;6;58
307;3;50;18;180
308;7;99;6000;-1
309;9;99;12000;-1
310;7;99;4850;-1
311;9;99;9700;-1
312;5;99;1500;-1
313;4;10;22;-1
314;4;99;25;-1
315;4;99;84;-1
316;4;99;60;-1
317;4;99;130;-1
318;4;99;15;-1
319;4;99;130;-1
320;4;99;400;-1
321;4;99;50;-1
322;4;99;490;-1
323;4;99;550;-1
324;4;99;400;-1
325;4;99;320;-1
326;5;99;520;-1
327;4;99;1100;-1
328;5;99;660;-1
329;5;99;750;-1
330;5;99;490;-1
331;5;99;890;-1
332;5;99;870;-1
333;5;99;2400;-1
334;5;99;1460;-1
335;5;99;2750;-1
336;5;99;2750;-1
337;4;99;0;-1
338;4;99;1000;-1
339;5;99;700;-1
340;5;99;820;-1
341;5;99;2000;-1
342;5;99;2000;-1
343;5;99;2000;-1
344;5;99;3000;-1
345;5;99;3000;-1
346;5;99;4000;-1
347;5;99;4000;-1
348;6;99;5000;-1
349;6;99;5000;-1
350;6;99;5000;-1
351;6;99;5000;-1
352;6;99;5000;-1
353;6;99;5000;-1
354;6;99;6000;-1
355;6;99;6000;-1
356;6;99;6000;-1
357;7;99;7000;-1
358;7;99;7000;-1
359;4;99;10;-1
360;4;99;45;-1
361;4;99;25;-1
362;4;99;20;-1
363;4;99;15;-1
364;4;99;40;-1
365;4;99;30;-1
366;4;99;55;-1
367;4;99;60;-1
368;4;99;180;-1
369;4;99;2600;-1
370;4;99;240;-1
371;5;99;5500;-1
372;4;99;45;-1
373;4;99;100;-1
374;4;99;800;-1
375;4;99;4000;-1
376;5;99;7000;-1
377;5;10;10000;-1
378;4;15;1000;-1
379;4;15;10000;-1
380;4;15;20000;-1
381;4;15;5000;-1
382;4;99;300;-1
383;4;99;400;-1
384;4;99;500;-1
385;2;99;20;-1
386;3;99;30;-1
387;5;99;1000;-1
388;2;99;20;-1
389;3;99;30;-1
390;5;99;1000;-1
391;2;99;20;-1
392;3;99;30;-1
393;5;99;1000;-1
394;2;99;20;-1
395;3;99;30;-1
396;5;99;1000;-1
397;2;99;20;-1
398;3;99;30;-1
399;5;99;1000;-1
400;2;99;20;-1
401;3;99;30;-1
402;5;99;1000;-1
403;2;99;20;-1
404;3;99;30;-1
405;5;99;1000;-1
406;2;99;20;-1
407;3;99;30;-1
408;5;99;1000;-1
409;5;99;1400;-1
410;5;99;1400;-1
411;5;99;1400;-1
412;5;99;1400;-1
413;5;99;1000;-1
414;4;99;500;-1
415;4;99;1000;-1
416;4;99;6000;-1
417;6;99;1000;-1
418;6;99;2000;-1
419;6;99;7000;-1
420;5;99;3000;-1
421;5;99;1400;-1
422;4;99;0;-1
423;4;99;52;520
424;5;99;108;-1
425;4;99;40;-1
426;6;99;120;-1
427;8;99;360;-1
428;4;99;280;-1
429;4;99;58;-1
430;4;99;120;-1
431;6;99;360;-1
432;4;99;75;-1
433;8;99;675;-1
434;4;99;35;-1
435;4;99;185;-1
436;4;99;112;-1
437;6;99;336;-1
438;8;99;336;-1
439;1;50;40;-1
440;4;99;130;-1
441;4;99;260;-1
442;4;99;500;-1
443;6;99;1000;-1
444;8;99;2000;-1
445;4;99;70;-1
446;6;99;210;-1
447;4;99;120;-1
448;8;99;1080;-1
449;6;99;180;-1
450;4;99;200;-1
451;6;99;600;-1
452;8;99;1200;-1
453;4;99;170;1700
454;4;99;65;-1
455;4;99;380;-1
456;4;99;38;-1
457;6;99;114;-1
458;4;99;25;-1
459;4;50;14;80
460;4;99;260;-1
461;6;99;780;-1
462;8;99;2340;-1
463;4;99;180;-1
464;6;99;540;-1
465;4;99;580;-1
466;8;99;3480;-1
467;4;99;720;-1
468;4;99;55;-1
469;4;99;60;-1
470;6;99;180;-1
471;4;99;300;-1
472;6;99;900;-1
473;8;99;2700;-1
474;4;99;230;-1
475;6;99;690;-1
476;4;99;680;-1
477;8;99;4080;-1
478;4;99;45;-1
479;6;99;135;-1
480;4;99;40;-1
481;4;99;25;-1
482;4;99;280;-1
483;6;99;840;-1
484;8;99;2520;-1
485;4;99;210;-1
486;6;99;630;-1
487;4;99;630;-1
488;8;99;3780;-1
489;4;99;220;-1
490;6;99;660;-1
491;4;99;270;-1
492;6;99;810;-1
493;8;99;2430;-1
494;4;99;360;-1
495;6;99;1080;-1
496;8;99;3240;-1
497;8;99;4500;-1
498;4;99;280;-1
499;6;99;840;-1
500;8;99;2520;-1
501;4;99;420;-1
502;6;99;1260;-1
503;8;99;3780;-1
504;4;99;320;-1
505;6;99;960;-1
506;4;99;210;-1
507;6;99;630;-1
508;4;99;350;-1
509;6;99;1050;-1
510;8;99;3150;-1
511;4;99;420;-1
512;6;99;1260;-1
513;8;99;2520;-1
514;4;99;750;-1
515;4;99;280;-1
516;6;99;840;-1
517;8;99;2250;-1
518;4;99;490;-1
519;6;99;1470;-1
520;8;99;4410;-1
521;4;99;720;-1
522;8;99;4320;-1
523;4;99;1300;-1
524;6;99;2600;-1
525;8;99;4800;-1
526;4;99;560;-1
527;8;99;3360;-1
528;6;99;1260;-1
529;8;99;3780;-1
530;6;99;2205;-1
531;8;99;4410;-1
532;6;99;2240;-1
533;8;99;4480;-1
534;4;99;180;-1
535;6;99;540;-1
536;4;99;200;-1
537;4;99;760;-1
538;4;99;320;-1
539;6;99;960;-1
540;8;99;2880;-1
541;4;99;220;-1
542;6;99;660;-1
543;8;99;1980;-1
544;4;99;580;-1
545;6;99;1740;-1
546;8;99;5220;-1
547;4;99;1020;-1
548;6;99;3060;-1
549;8;99;6120;-1
550;4;99;720;-1
551;8;99;4320;-1
552;6;99;1440;-1
553;8;99;4320;-1
554;6;99;990;-1
555;8;99;2970;-1
556;6;99;2610;-1
557;8;99;5220;-1
558;4;99;390;-1
559;6;99;1170;-1
560;8;99;3510;-1
561;4;99;480;-1
562;6;99;1440;-1
563;8;99;4320;-1
564;4;99;520;-1
565;6;99;1560;-1
566;8;99;4680;-1
567;4;99;1200;-1
568;8;99;7200;-1
569;4;99;720;-1
570;8;99;4320;-1
571;4;99;200;-1
572;6;99;1755;-1
573;8;99;5265;-1
574;6;99;2160;-1
575;8;99;6480;-1
576;6;99;2340;-1
577;8;99;7020;-1
578;6;99;3000;-1
579;8;99;9000;-1
580;6;99;2520;-1
581;8;99;7560;-1
582;6;99;900;-1
583;4;99;380;-1
584;6;99;1140;-1
585;8;99;3420;-1
586;4;99;820;-1
587;6;99;2460;-1
588;8;99;7380;-1
589;4;99;460;-1
590;6;99;1380;-1
591;8;99;4140;-1
592;4;99;1110;-1
593;8;99;6660;-1
594;4;99;890;-1
595;6;99;2670;-1
596;8;99;8010;-1
597;4;99;490;-1
598;6;99;1470;-1
599;8;99;4410;-1
600;4;99;650;-1
601;6;99;1950;-1
602;8;99;5850;-1
603;4;99;780;-1
604;4;99;2000;-1
605;6;99;4000;-1
606;8;99;9180;-1
607;5;99;4850;-1
608;7;99;9700;-1
609;9;99;15000;-1
610;6;99;1960;-1
611;8;99;5880;-1
612;6;99;2600;-1
613;8;99;7800;-1
614;8;99;6600;-1
615;8;99;8775;-1
616;8;99;12000;-1
617;4;99;490;-1
618;6;99;1470;-1
619;8;99;4410;-1
620;4;99;650;-1
621;6;99;1950;-1
622;8;99;5850;-1
623;4;99;880;-1
624;6;99;2550;-1
625;8;99;7650;-1
626;4;99;1200;-1
627;8;99;7200;-1
628;5;99;4850;-1
629;7;99;9700;-1
630;9;99;15000;-1
631;4;99;600;-1
632;8;99;5400;-1
633;5;99;2100;-1
634;7;99;6300;-1
635;8;99;2500;-1
636;6;99;1960;-1
637;8;99;5880;-1
638;6;99;2600;-1
639;8;99;7800;-1
640;6;99;3000;-1
641;8;99;9000;-1
642;6;99;3825;-1
643;8;99;6600;-1
644;8;99;8775;-1
645;8;99;9600;-1
646;4;99;540;-1
647;6;99;1620;-1
648;8;99;4860;-1
649;4;99;980;-1
650;6;99;2940;-1
651;8;99;8820;-1
652;4;99;750;-1
653;6;99;2250;-1
654;8;99;6750;-1
655;4;99;1800;-1
656;8;99;10800;-1
657;4;99;320;-1
658;6;99;960;-1
659;8;99;2880;-1
660;6;99;2430;-1
661;8;99;7290;-1
662;6;99;3375;-1
663;8;99;10125;-1
664;4;99;420;-1
665;6;99;1150;-1
666;8;99;3450;-1
667;4;99;980;-1
668;6;99;2100;-1
669;8;99;6300;-1
670;4;99;540;-1
671;6;99;1290;-1
672;8;99;3870;-1
673;4;99;680;-1
674;6;99;1580;-1
675;8;99;4740;-1
676;4;99;1100;-1
677;8;99;6600;-1
678;4;99;1240;-1
679;6;99;2100;-1
680;8;99;6300;-1
681;5;99;5040;-1
682;7;99;8000;-1
683;9;99;14000;-1
684;6;99;1650;-1
685;8;99;4950;-1
686;6;99;2500;-1
687;8;99;7500;-1
688;6;99;1790;-1
689;8;99;5370;-1
690;6;99;2600;-1
691;8;99;7800;-1
692;8;99;7000;-1
693;8;99;8990;-1
694;8;99;8220;-1
695;8;99;9250;-1
696;9;99;16500;-1
697;4;99;410;-1
698;6;99;1230;-1
699;8;99;3690;-1
700;4;99;740;-1
701;6;99;2220;-1
702;8;99;6660;-1
703;4;99;830;-1
704;6;99;2490;-1
705;8;99;7470;-1
706;4;99;1080;-1
707;4;99;1200;-1
708;8;99;7200;-1
709;4;99;1420;-1
710;6;99;3550;-1
711;8;99;8875;-1
712;6;99;1665;-1
713;8;99;4995;-1
714;6;99;3330;-1
715;8;99;8325;-1
716;6;99;3735;-1
717;8;99;9338;-1
718;6;99;4800;-1
719;8;99;9600;-1
720;6;99;4970;-1
721;8;99;9940;-1
722;6;99;1500;-1
723;8;99;4500;-1
724;4;99;850;-1
725;6;99;1950;-1
726;8;99;5850;-1
727;4;99;1340;-1
728;6;99;3000;-1
729;8;99;7500;-1
730;4;99;1280;-1
731;8;99;7680;-1
732;4;99;650;-1
733;4;99;1200;-1
734;4;99;2400;-1
735;8;99;7200;-1
736;9;99;11520;-1
737;5;99;2100;-1
738;7;99;6300;-1
739;6;99;3280;-1
740;8;99;8200;-1
741;6;99;4500;-1
742;8;99;9045;-1
743;6;99;3600;-1
744;8;99;9000;-1
745;4;99;550;-1
746;6;99;1650;-1
747;8;99;4950;-1
748;4;99;900;-1
749;6;99;2700;-1
750;8;99;6690;-1
751;4;99;1260;-1
752;8;99;7560;-1
753;4;99;1450;-1
754;8;99;8700;-1
755;5;99;1800;-1
756;7;99;7500;-1
757;9;99;12750;-1
758;6;99;2475;-1
759;8;99;7425;-1
760;6;99;4050;-1
761;8;99;8100;-1
762;6;99;4410;-1
763;8;99;8820;-1
764;6;99;5075;-1
765;8;99;9135;-1
766;4;99;230;-1
767;6;99;690;-1
768;8;99;1380;-1
769;4;99;380;-1
770;4;99;560;-1
771;6;99;1680;-1
772;8;99;5040;-1
773;4;99;700;-1
774;6;99;2100;-1
775;8;99;6300;-1
776;4;99;810;-1
777;6;99;2430;-1
778;8;99;7290;-1
779;4;99;780;-1
780;6;99;2340;-1
781;8;99;7020;-1
782;4;99;1380;-1
783;4;99;1250;-1
784;4;99;720;-1
785;6;99;2160;-1
786;8;99;6480;-1
787;6;99;2070;-1
788;8;99;6210;-1
789;6;99;2610;-1
790;8;99;7830;-1
791;6;99;3375;-1
792;8;99;8438;-1
793;6;99;3510;-1
794;8;99;8775;-1
795;6;99;2070;-1
796;6;99;1875;-1
797;6;99;3240;-1
798;8;99;9720;-1
799;4;99;700;-1
800;4;99;900;-1
801;4;99;560;-1
802;4;99;1000;-1
803;4;99;1200;-1
804;5;99;4850;-1
805;5;99;5000;-1
806;8;99;7000;-1
807;8;99;9000;-1
808;8;99;5600;-1
809;8;99;12000;-1
810;9;99;15000;-1
811;4;99;480;-1
812;6;99;1440;-1
813;8;99;4320;-1
814;4;99;600;-1
815;6;99;1800;-1
816;8;99;5400;-1
817;4;99;820;-1
818;6;99;2460;-1
819;8;99;7380;-1
820;4;99;1380;-1
821;4;99;350;-1
822;6;99;1050;-1
823;8;99;3150;-1
824;6;99;2040;-1
825;8;99;6120;-1
826;6;99;2550;-1
827;8;99;5250;-1
828;6;99;3000;-1
829;8;99;5400;-1
830;7;99;5200;-1
831;7;99;8000;-1
832;9;99;15000;-1
833;8;99;6732;-1
834;8;99;5775;-1
835;8;99;5940;-1
836;9;99;10400;-1
837;9;99;11000;-1
838;6;99;1500;-1
839;8;99;4500;-1
840;6;99;1900;-1
841;8;99;5700;-1
842;6;99;2430;-1
843;8;99;7290;-1
844;6;99;1230;-1
845;8;99;3690;-1
846;6;99;2740;-1
847;8;99;8220;-1
848;6;99;3200;-1
849;7;99;9300;-1
850;9;99;14400;-1
851;6;99;750;-1
852;8;99;2250;-1
853;6;99;1440;-1
854;8;99;4320;-1
855;6;99;1640;-1
856;8;99;4920;-1
857;6;99;2440;-1
858;8;99;7320;-1
859;6;99;2890;-1
860;8;99;8670;-1
861;8;99;6480;-1
862;8;99;7380;-1
863;4;99;830;-1
864;6;99;2490;-1
865;8;99;7470;-1
866;4;99;880;-1
867;6;99;2640;-1
868;8;99;7920;-1
869;4;99;1400;-1
870;8;99;4200;-1
871;4;99;1320;-1
872;6;99;3960;-1
873;8;99;9100;-1
874;4;99;1250;-1
875;6;99;3750;-1
876;8;99;9375;-1
877;5;99;2500;-1
878;7;99;7000;-1
879;9;99;11000;-1
880;8;99;8964;-1
881;8;99;9504;-1
882;8;99;9900;-1
883;6;99;1950;-1
884;8;99;5850;-1
885;6;99;1470;-1
886;8;99;4410;-1
887;6;99;2520;-1
888;8;99;7560;-1
889;6;99;2100;-1
890;8;99;6300;-1
891;4;99;1200;-1
892;8;99;9200;-1
893;6;99;2400;-1
894;8;99;7200;-1
895;7;99;9700;-1
896;9;99;14200;-1
897;8;99;6440;-1
898;8;99;4860;-1
899;8;99;8320;-1
900;8;99;6930;-1
901;8;99;10120;-1
902;8;99;7920;-1
903;9;99;15620;-1
904;6;99;1400;-1
905;8;99;4200;-1
906;6;99;1800;-1
907;8;99;5400;-1
908;6;99;3450;-1
909;8;99;8630;-1
910;6;99;1500;-1
911;8;99;4500;-1
912;6;99;2550;-1
913;8;99;7650;-1
914;6;99;1300;-1
915;8;99;3900;-1
916;7;99;6000;-1
917;9;99;14000;-1
918;8;99;5880;-1
919;8;99;7560;-1
920;8;99;8930;-1
921;8;99;5460;-1
922;8;99;5400;-1
923;8;99;6470;-1
924;8;99;8320;-1
925;8;99;9830;-1
926;8;99;6010;-1
927;8;99;5940;-1
928;9;99;15200;-1
929;6;99;2100;-1
930;8;99;6300;-1
931;6;99;2800;-1
932;8;99;5400;-1
933;6;99;2980;-1
934;8;99;8940;-1
935;6;99;2600;-1
936;8;99;6300;-1
937;6;99;3800;-1
938;6;99;4000;-1
939;8;99;9200;-1
940;6;99;1700;-1
941;8;99;5100;-1
942;7;99;9700;-1
943;9;99;15000;-1
944;6;99;5380;-1
945;8;99;10760;-1
946;6;99;2960;-1
947;8;99;7400;-1
948;6;99;3420;-1
949;8;99;8550;-1
950;6;99;7200;-1
951;8;99;14400;-1
952;6;99;9720;-1
953;8;99;14580;-1
954;6;99;3800;-1
955;6;99;10000;-1
956;8;99;16000;-1
957;7;99;20000;-1
958;9;99;32000;-1
959;8;99;11000;-1
960;8;99;8300;-1
961;8;99;9110;-1
962;8;99;12400;-1
963;8;99;14200;-1
964;8;99;10100;-1
965;8;99;13000;-1
966;8;99;7200;-1
967;9;99;31000;-1
968;5;3;-1;-1
969;7;3;-1;-1
970;4;99;180;-1
971;6;99;360;-1
972;6;99;360;-1
973;6;99;360;-1
974;1;1;-1;-1
975;1;10;-1;-1
976;1;10;-1;-1
977;1;10;-1;-1
978;3;1;-1;-1
979;2;5;-1;-1
980;2;10;-1;-1
981;3;3;-1;-1
982;3;1;-1;-1
983;1;10;-1;-1
984;3;2;-1;-1
985;6;10;-1;-1
986;6;1;-1;-1
987;5;1;-1;-1
988;6;10;-1;-1
989;1;1;-1;-1
990;5;1;-1;-1
991;3;10;120;-1
992;2;20;50;-1
993;4;10;500;-1
994;3;10;100;-1
995;3;10;500;-1
996;2;10;60;-1
997;3;10;500;-1
998;5;10;1500;-1
999;2;10;170;-1
1000;4;10;1000;-1
1001;2;10;210;-1
1002;4;10;980;-1
1003;3;10;200;-1
1004;4;10;1000;-1
1005;3;10;180;-1
1006;4;10;900;-1
1007;2;10;60;-1
1008;3;10;350;-1
1009;3;10;90;-1
1010;4;10;900;-1
1011;3;10;150;-1
1012;4;10;1250;-1
1013;5;1;-1;-1
1014;5;1;-1;-1
1015;4;1;-1;-1
1016;5;1;-1;-1
1017;5;1;-1;-1
1018;2;10;25;-1
1019;2;10;100;-1
1020;3;10;100;-1
1021;3;10;120;-1
1022;3;10;100;-1
1023;3;10;30;-1
1024;2;10;150;-1
1025;3;10;450;-1
1026;2;10;80;-1
1027;3;10;300;-1
1028;3;10;75;-1
1029;3;10;500;-1
1030;5;10;2500;-1
1031;3;10;400;-1
1032;5;10;1800;-1
1033;6;99;800;-1
1034;4;99;700;-1
1035;6;99;900;-1
1036;8;99;1300;-1
1037;4;99;600;-1
1038;4;99;1100;-1
1039;6;99;1200;-1
1040;4;99;1300;-1
1041;4;99;500;-1
1042;5;99;1000;-1
1043;5;99;0;-1
1044;5;99;0;-1
1045;5;99;0;-1
1046;5;99;0;-1
1047;5;99;0;-1
1048;5;99;0;-1
1049;5;99;0;-1
1050;5;99;0;-1
1051;5;99;0;-1
1052;5;99;0;-1
1053;5;99;0;-1
1054;5;99;0;-1
1055;5;99;0;-1
1056;5;99;0;-1
1057;5;99;0;-1
1058;5;99;0;-1
1059;5;99;0;-1
1060;5;99;0;-1
1061;5;99;0;-1
1062;5;99;0;-1
1063;5;99;0;-1
1064;5;99;0;-1
1065;5;99;0;-1
1066;5;99;0;-1
1067;4;99;1000;-1
1068;5;99;0;-1
1069;5;99;0;-1
1070;5;99;0;-1
1071;4;99;0;-1
1072;4;99;0;-1
1073;4;99;0;-1
1074;4;99;0;-1
1075;4;99;0;-1
1076;4;99;0;-1
1077;5;99;0;-1
1078;4;99;50;-1
1079;4;99;350;-1
1080;5;99;530;-1
1081;5;99;880;-1
1082;6;99;1000;-1
1083;4;99;40;200
1084;5;99;75;375
1085;4;99;40;200
1086;5;99;75;375
1087;4;99;40;200
1088;4;99;40;200
1089;4;99;40;200
1090;5;99;75;375
1091;4;99;40;200
1092;4;99;40;200
1093;4;99;40;200
1094;4;99;40;200
1095;4;99;40;200
1096;5;99;75;375
1097;4;99;40;200
1098;6;99;90;450
1099;5;99;75;375
1100;6;99;90;450
1101;4;99;40;200
1102;6;99;90;450
1103;4;99;40;200
1104;5;99;75;375
1105;6;99;90;450
1106;4;99;40;200
1107;4;99;40;200
1108;5;99;75;375
1109;4;99;40;200
1110;5;99;75;375
1111;4;99;40;200
1112;5;99;75;375
1113;4;99;40;200
1114;6;99;90;450
1115;4;99;40;200
1116;6;99;90;450
1117;4;99;40;200
1118;6;99;90;450
1119;4;99;40;200
1120;6;99;90;450
1121;4;99;40;200
1122;5;99;75;375
1123;4;99;40;200
1124;4;99;40;200
1125;4;99;40;200
1126;4;99;40;200
1127;4;99;40;200
1128;5;99;75;375
1129;4;99;40;200
1130;6;99;90;450
1131;4;99;40;200
1132;4;99;40;200
1133;4;99;40;200
1134;4;99;40;200
1135;5;99;75;375
1136;6;99;90;450
1137;4;99;40;200
1138;5;99;75;375
1139;4;99;40;200
1140;4;99;40;200
1141;4;99;40;200
1142;6;99;90;450
1143;4;99;40;200
1144;4;99;40;200
1145;5;99;75;375
1146;4;99;40;200
1147;4;99;40;200
1148;4;99;40;200
1149;4;99;40;200
1150;4;99;40;200
1151;4;99;40;200
1152;4;99;40;200
1153;4;99;40;200
1154;4;99;40;200
1155;5;99;75;375
1156;4;99;40;200
1157;4;99;40;200
1158;4;99;40;200
1159;4;99;40;200
1160;6;99;90;450
1161;4;99;40;200
1162;4;99;40;200
1163;5;99;75;375
1164;4;99;40;200
1165;4;99;40;200
1166;4;99;40;200
1167;5;99;75;375
1168;4;99;40;200
1169;5;99;75;375
1170;4;99;40;200
1171;4;99;40;200
1172;6;99;90;450
1173;5;99;75;375
1174;6;99;90;450
1175;4;99;40;200
1176;4;99;40;200
1177;6;99;90;450
1178;4;99;40;200
1179;6;99;90;450
1180;4;99;40;200
1181;4;99;40;200
1182;4;99;40;200
1183;4;99;40;200
1184;5;99;75;375
1185;4;99;40;200
1186;4;99;40;200
1187;5;99;75;375
1188;4;99;40;200
1189;6;99;90;450
1190;4;99;40;200
1191;4;99;40;200
1192;6;99;90;450
1193;4;99;40;200
1194;4;99;40;200
1195;4;99;40;200
1196;4;99;40;200
1197;4;99;40;200
1198;6;99;90;450
1199;4;99;40;200
1200;5;99;75;375
1201;6;99;90;450
1202;4;99;40;200
1203;5;99;75;375
1204;4;99;40;200
1205;6;99;90;450
1206;4;99;40;200
1207;4;99;40;200
1208;4;99;40;200
1209;4;99;40;200
1210;4;99;40;200
1211;4;99;40;200
1212;5;99;75;375
1213;4;99;40;200
1214;5;99;75;375
1215;4;99;40;200
1216;5;99;75;375
1217;4;99;40;200
1218;5;99;75;375
1219;4;99;40;200
1220;5;99;75;375
1221;4;99;40;200
1222;6;99;90;450
1223;4;99;40;200
1224;6;99;90;450
1225;4;99;40;200
1226;5;99;75;375
1227;4;99;40;200
1228;4;99;40;200
1229;5;99;75;375
1230;4;99;40;200
1231;4;99;40;200
1232;6;99;90;450
1233;4;99;40;200
1234;4;99;40;200
1235;4;99;40;200
1236;4;99;40;200
1237;4;99;40;200
1238;4;99;40;200
1239;5;99;75;375
1240;4;99;40;200
1241;5;99;75;375
1242;4;99;40;200
1243;4;99;40;200
1244;4;99;40;200
1245;5;99;75;375
1246;4;99;40;200
1247;4;99;40;200
1248;4;99;40;200
1249;5;99;75;375
1250;4;99;40;200
1251;4;99;40;200
1252;5;99;75;375
1253;4;99;40;200
1254;5;99;75;375
1255;4;99;40;200
1256;4;99;40;200
1257;4;99;40;200
1258;4;99;40;200
1259;4;99;40;200
1260;4;99;40;200
1261;4;99;40;200
1262;4;99;40;200
1263;4;99;40;200
1264;5;99;75;375
1265;4;99;40;200
1266;5;99;75;375
1267;4;99;40;200
1268;6;99;90;450
1269;4;99;40;200
1270;5;99;75;375
1271;4;99;40;200
1272;4;99;40;200
1273;4;99;40;200
1274;5;99;75;375
1275;5;99;75;375
1276;4;99;40;200
1277;4;99;40;200
1278;4;99;40;200
1279;1;1;-1;100
1280;2;1;-1;200
1281;3;1;-1;500
1282;3;1;-1;500
1283;3;1;-1;500
1284;1;1;-1;100
1285;2;1;-1;200
1286;1;1;-1;100
1287;2;1;-1;200
1288;3;1;-1;500
1289;1;1;-1;100
1290;2;1;-1;200
1291;3;1;-1;500
1292;1;1;-1;100
1293;2;1;-1;200
1294;1;1;-1;100
1295;1;1;-1;100
1296;1;1;-1;100
1297;2;1;-1;200
1298;3;1;-1;500
1299;1;1;-1;100
1300;1;1;-1;100
1301;1;1;-1;100
1302;2;1;-1;200
1303;2;1;-1;200
1304;2;1;-1;200
1305;2;1;-1;200
1306;3;1;-1;500
1307;2;1;-1;200
1308;3;1;-1;500
1309;5;1;-1;-1
1310;5;1;-1;-1
1311;1;1;-1;-1
1312;1;1;-1;-1
1313;1;1;-1;-1
1314;1;1;-1;-1
1315;1;1;-1;-1
1316;1;1;-1;-1
1317;1;1;-1;-1
1318;1;1;-1;-1
1319;1;1;-1;-1
1320;1;1;-1;-1
1321;1;1;-1;-1
1322;1;1;-1;-1
1323;1;1;-1;-1
1324;1;1;-1;-1
1325;1;1;-1;-1
1326;1;1;-1;-1
1327;1;1;-1;-1
1328;1;1;-1;-1
1329;1;1;-1;-1
1330;1;1;-1;-1
1331;1;1;-1;-1
