ID;Mon_ID;Mon_GetItmType_ID;Itm_ID;Quant;Percentage;Rank_ID
1;1;1;48;1;0,75;1
2;1;1;289;1;0,25;1
3;1;1;48;1;0,75;2
4;1;1;289;1;0,25;2
5;1;1;48;1;0,75;3
6;1;1;289;1;0,25;3
7;2;1;423;1;0,45;1
8;2;1;425;1;0,3;1
9;2;1;1019;1;0,15;1
10;2;1;48;1;0,1;1
11;2;49;423;1;1;1
12;2;1;423;1;0,45;2
13;2;1;426;1;0,3;2
14;2;1;48;1;0,1;2
15;2;1;1019;1;0,1;2
16;2;1;425;1;0,05;2
17;2;49;423;1;1;2
18;2;1;427;1;0,4;3
19;2;1;423;1;0,35;3
20;2;1;48;1;0,1;3
21;2;1;1019;1;0,1;3
22;2;49;426;1;0,05;3
23;2;39;424;1;0,45;1
24;2;39;425;1;0,3;1
25;2;39;1019;1;0,15;1
26;2;39;48;1;0,1;1
27;2;50;424;1;0,65;1
28;2;50;423;1;0,35;1
29;2;39;424;1;0,45;2
30;2;39;426;1;0,3;2
31;2;39;48;1;0,1;2
32;2;39;1019;1;0,1;2
33;2;39;425;1;0,05;2
34;2;50;424;1;0,65;2
35;2;50;423;1;0,35;2
36;3;1;1027;1;0,35;1
37;3;1;289;1;0,3;1
38;3;1;534;1;0,2;1
39;3;1;48;1;0,15;1
40;3;1;535;1;0,4;2
41;3;1;1027;1;0,3;2
42;3;1;48;1;0,15;2
43;3;1;289;1;0,15;2
44;3;1;768;1;0,45;3
45;3;1;535;1;0,2;3
46;3;1;1027;1;0,2;3
47;3;1;48;1;0,15;3
48;4;1;1021;1;0,45;1
49;4;1;48;1;0,3;1
50;4;1;294;1;0,2;1
51;4;1;301;1;0,05;1
52;4;1;1021;1;0,45;2
53;4;1;48;1;0,25;2
54;4;1;301;1;0,2;2
55;4;1;294;1;0,08;2
56;4;1;302;1;0,02;2
57;4;1;1021;1;0,35;3
58;4;1;48;1;0,25;3
59;4;1;302;1;0,2;3
60;4;1;427;1;0,2;3
61;5;40;430;1;0,41;1
62;5;40;432;1;0,32;1
63;5;40;442;1;0,17;1
64;5;40;434;1;0,1;1
65;5;40;431;1;0,35;2
66;5;40;432;1;0,25;2
67;5;40;443;1;0,17;2
68;5;40;434;1;0,1;2
69;5;40;442;1;0,07;2
70;5;40;430;1;0,06;2
71;5;40;431;1;0,42;3
72;5;40;433;1;0,3;3
73;5;40;444;1;0,2;3
74;5;40;443;1;0,08;3
75;5;41;430;1;0,38;1
76;5;41;432;1;0,3;1
77;5;41;442;1;0,22;1
78;5;41;434;1;0,1;1
79;5;41;431;1;0,28;2
80;5;41;443;1;0,22;2
81;5;41;432;1;0,2;2
82;5;41;430;1;0,12;2
83;5;41;434;1;0,1;2
84;5;41;442;1;0,08;2
85;5;41;431;1;0,36;3
86;5;41;444;1;0,28;3
87;5;41;433;1;0,26;3
88;5;41;443;1;0,1;3
89;5;42;432;1;0,45;1
90;5;42;430;1;0,3;1
91;5;42;442;1;0,15;1
92;5;42;434;1;0,1;1
93;5;42;432;1;0,35;2
94;5;42;431;1;0,25;2
95;5;42;434;1;0,15;2
96;5;42;443;1;0,15;2
97;5;42;430;1;0,05;2
98;5;42;442;1;0,05;2
99;5;42;433;1;0,44;3
100;5;42;431;1;0,31;3
101;5;42;444;1;0,19;3
102;5;42;443;1;0,06;3
103;5;43;430;1;0,45;1
104;5;43;442;1;0,3;1
105;5;43;432;1;0,15;1
106;5;43;434;1;0,1;1
107;5;43;431;1;0,36;2
108;5;43;443;1;0,3;2
109;5;43;432;1;0,1;2
110;5;43;434;1;0,1;2
111;5;43;442;1;0,1;2
112;5;43;430;1;0,04;2
113;5;43;431;1;0,41;3
114;5;43;444;1;0,35;3
115;5;43;433;1;0,12;3
116;5;43;443;1;0,12;3
117;6;1;436;1;0,5;1
118;6;1;435;1;0,25;1
119;6;1;442;1;0,25;1
120;6;44;994;1;0,9;1
121;6;44;442;1;0,1;1
122;6;45;199;1;0,9;1
123;6;45;442;1;0,1;1
124;6;46;172;1;0,9;1
125;6;46;442;1;0,1;1
126;6;47;1024;1;0,75;1
127;6;47;1025;1;0,25;1
128;6;48;247;1;0,48;1
129;6;48;436;1;0,32;1
130;6;48;442;1;0,2;1
131;6;1;437;1;0,6;2
132;6;1;435;1;0,15;2
133;6;1;443;1;0,15;2
134;6;1;436;1;0,1;2
135;6;44;994;1;0,9;2
136;6;44;443;1;0,1;2
137;6;45;199;1;0,9;2
138;6;45;443;1;0,1;2
139;6;46;172;1;0,9;2
140;6;46;443;1;0,1;2
141;6;47;1024;1;0,75;2
142;6;47;1025;1;0,25;2
143;6;48;247;1;0,48;2
144;6;48;436;1;0,32;2
145;6;48;443;1;0,2;2
146;6;1;438;1;0,6;3
147;6;1;444;1;0,15;3
148;6;1;435;1;0,15;3
149;6;1;437;1;0,1;3
150;6;44;994;1;0,9;3
151;6;44;444;1;0,1;3
152;6;45;199;1;0,9;3
153;6;45;444;1;0,1;3
154;6;46;172;1;0,9;3
155;6;46;444;1;0,1;3
156;6;47;1024;1;0,75;3
157;6;47;1025;1;0,25;3
158;6;48;247;1;0,48;3
159;6;48;437;1;0,32;3
160;6;48;444;1;0,2;3
161;7;2;975;1;0,54;1
162;7;2;1023;1;0,26;1
163;7;2;1070;1;0,12;1
164;7;2;979;1;0,08;1
165;7;2;975;1;0,54;2
166;7;2;1023;1;0,26;2
167;7;2;1070;1;0,12;2
168;7;2;979;1;0,08;2
169;7;2;975;1;0,54;3
170;7;2;1023;1;0,26;3
171;7;2;1070;1;0,12;3
172;7;2;979;1;0,08;3
173;8;2;1022;1;0,5;1
174;8;2;976;1;0,27;1
175;8;2;1070;1;0,2;1
176;8;2;978;1;0,03;1
177;8;2;1022;1;0,5;2
178;8;2;976;1;0,27;2
179;8;2;1070;1;0,2;2
180;8;2;978;1;0,03;2
181;8;2;1022;1;0,5;3
182;8;2;976;1;0,27;3
183;8;2;1070;1;0,2;3
184;8;2;978;1;0,03;3
185;9;33;453;1;0,42;1
186;9;33;455;1;0,22;1
187;9;33;48;1;0,2;1
188;9;33;13;1;0,16;1
189;9;33;453;1;0,42;2
190;9;33;455;1;0,22;2
191;9;33;48;1;0,2;2
192;9;33;13;1;0,16;2
193;9;33;453;1;0,42;3
194;9;33;455;1;0,22;3
195;9;33;48;1;0,2;3
196;9;33;13;1;0,16;3
197;9;34;1027;1;0,41;1
198;9;34;454;1;0,33;1
199;9;34;48;1;0,26;1
200;9;34;1027;1;0,41;2
201;9;34;454;1;0,33;2
202;9;34;48;1;0,26;2
203;9;34;1027;1;0,41;3
204;9;34;454;1;0,33;3
205;9;34;48;1;0,26;3
206;9;35;450;1;0,48;1
207;9;35;48;1;0,32;1
208;9;35;287;1;0,2;1
209;9;35;450;1;0,48;2
210;9;35;48;1;0,32;2
211;9;35;287;1;0,2;2
212;9;35;452;1;0,48;3
213;9;35;48;1;0,32;3
214;9;35;287;1;0,2;3
215;9;36;453;1;0,5;1
216;9;36;48;1;0,3;1
217;9;36;30;1;0,2;1
218;9;36;453;1;0,5;2
219;9;36;48;1;0,3;2
220;9;36;30;1;0,2;2
221;9;36;453;1;0,5;3
222;9;36;48;1;0,3;3
223;9;36;30;1;0,2;3
224;9;37;450;1;0,46;1
225;9;37;48;1;0,3;1
226;9;37;35;1;0,24;1
227;9;37;450;1;0,46;2
228;9;37;48;1;0,3;2
229;9;37;35;1;0,24;2
230;9;37;452;1;0,46;3
231;9;37;48;1;0,3;3
232;9;37;35;1;0,24;3
233;9;38;454;1;0,52;1
234;9;38;48;1;0,28;1
235;9;38;268;1;0,2;1
236;9;38;454;1;0,52;2
237;9;38;48;1;0,28;2
238;9;38;268;1;0,2;2
239;9;38;454;1;0,52;3
240;9;38;48;1;0,28;3
241;9;38;268;1;0,2;3
242;10;1;454;1;0,65;1
243;10;1;1026;1;0,2;1
244;10;1;442;1;0,15;1
245;10;1;454;1;0,55;2
246;10;1;1026;1;0,2;2
247;10;1;442;1;0,15;2
248;10;1;443;1;0,1;2
249;10;1;444;1;0,3;3
250;10;1;1026;1;0,25;3
251;10;1;454;1;0,25;3
252;10;1;443;1;0,2;3
253;11;1;459;1;0,4;1
254;11;1;458;1;0,29;1
255;11;1;456;1;0,23;1
256;11;1;289;1;0,08;1
257;11;1;299;1;0,37;2
258;11;1;459;1;0,35;2
259;11;1;457;1;0,18;2
260;11;1;458;1;0,1;2
261;11;1;300;1;0,51;3
262;11;1;459;1;0,25;3
263;11;1;457;1;0,24;3
264;12;1;458;1;0,43;1
265;12;1;456;1;0,3;1
266;12;1;459;1;0,18;1
267;12;1;289;1;0,09;1
268;12;1;457;1;0,55;2
269;12;1;299;1;0,22;2
270;12;1;459;1;0,15;2
271;12;1;458;1;0,08;2
272;12;1;457;1;0,48;3
273;12;1;300;1;0,4;3
274;12;1;459;1;0,12;3
275;13;1;459;1;0,37;1
276;13;1;468;1;0,3;1
277;13;1;469;1;0,25;1
278;13;1;289;1;0,08;1
279;13;1;470;1;0,35;2
280;13;1;299;1;0,2;2
281;13;1;459;1;0,2;2
282;13;1;274;1;0,15;2
283;13;1;468;1;0,1;2
284;13;1;300;1;0,4;3
285;13;1;470;1;0,35;3
286;13;1;459;1;0,15;3
287;13;1;275;1;0,1;3
288;14;1;481;1;0,4;1
289;14;1;480;1;0,29;1
290;14;1;478;1;0,23;1
291;14;1;289;1;0,08;1
292;14;1;481;1;0,38;2
293;14;1;479;1;0,35;2
294;14;1;299;1;0,2;2
295;14;1;480;1;0,07;2
296;14;1;300;1;0,42;3
297;14;1;479;1;0,3;3
298;14;1;481;1;0,28;3
299;15;1;534;1;0,49;1
300;15;1;536;1;0,32;1
301;15;1;289;1;0,19;1
302;15;1;535;1;0,45;2
303;15;1;536;1;0,32;2
304;15;1;290;1;0,13;2
305;15;1;534;1;0,05;2
306;15;1;289;1;0,05;2
307;15;1;768;1;0,61;3
308;15;1;535;1;0,29;3
309;15;1;290;1;0,1;3
310;16;1;766;1;0,6;1
311;16;1;290;1;0,3;1
312;16;1;195;1;0,1;1
313;16;1;767;1;0,55;2
314;16;1;290;1;0,2;2
315;16;1;195;1;0,15;2
316;16;1;766;1;0,1;2
317;16;1;768;1;0,6;3
318;16;1;767;1;0,3;3
319;16;1;195;1;0,1;3
320;17;1;1027;1;0,45;1
321;17;1;453;1;0,3;1
322;17;1;450;1;0,25;1
323;17;1;1027;1;0,45;2
324;17;1;451;1;0,4;2
325;17;1;453;1;0,15;2
326;17;1;452;1;0,4;3
327;17;1;1027;1;0,35;3
328;17;1;453;1;0,15;3
329;17;1;451;1;0,1;3
330;18;1;445;1;0,35;1
331;18;1;48;1;0,35;1
332;18;1;290;1;0,2;1
333;18;1;447;1;0,1;1
334;18;1;446;1;0,35;2
335;18;1;48;1;0,2;2
336;18;1;445;1;0,15;2
337;18;1;447;1;0,15;2
338;18;1;290;1;0,15;2
339;18;1;448;1;0,5;3
340;18;1;446;1;0,3;3
341;18;1;48;1;0,2;3
342;19;1;48;1;0,7;2
343;19;1;428;1;0,25;2
344;19;1;289;1;0,05;2
345;19;2;1015;1;0,42;2
346;19;2;1018;1;0,24;2
347;19;2;1016;1;0,18;2
348;19;2;173;1;0,12;2
349;19;2;247;1;0,04;2
350;19;1;48;1;0,7;3
351;19;1;428;1;0,25;3
352;19;1;289;1;0,05;3
353;19;2;1015;1;0,42;3
354;19;2;1018;1;0,24;3
355;19;2;1016;1;0,18;3
356;19;2;173;1;0,12;3
357;19;2;247;1;0,04;3
358;20;1;439;1;0,44;1
359;20;1;48;1;0,21;1
360;20;1;441;1;0,2;1
361;20;1;294;1;0,1;1
362;20;1;440;1;0,05;1
363;20;1;439;1;0,39;2
364;20;1;441;1;0,25;2
365;20;1;48;1;0,21;2
366;20;1;440;1;0,1;2
367;20;1;294;1;0,05;2
368;20;1;303;1;0,3;3
369;20;1;441;1;0,25;3
370;20;1;440;1;0,17;3
371;20;1;48;1;0,16;3
372;20;1;439;1;0,12;3
373;21;1;1020;1;0,4;2
374;21;1;449;1;0,4;2
375;21;1;48;1;0,15;2
376;21;1;295;1;0,05;2
377;21;1;449;1;0,35;3
378;21;1;448;1;0,3;3
379;21;1;1020;1;0,2;3
380;21;1;48;1;0,15;3
381;22;1;429;1;0,35;2
382;22;1;426;1;0,3;2
383;22;1;425;1;0,15;2
384;22;1;48;1;0,1;2
385;22;1;1019;1;0,1;2
386;22;49;429;1;1;2
387;22;1;427;1;0,5;3
388;22;1;429;1;0,3;3
389;22;1;48;1;0,1;3
390;22;1;1019;1;0,1;3
391;22;49;429;1;1;3
392;23;1;460;1;0,43;1
393;23;1;463;1;0,3;1
394;23;1;269;1;0,19;1
395;23;1;456;1;0,08;1
396;23;2;1029;1;0,75;1
397;23;2;456;1;0,25;1
398;23;3;269;2;0,45;1
399;23;3;463;1;0,32;1
400;23;3;460;1;0,18;1
401;23;3;467;1;0,05;1
402;23;4;465;1;0,65;1
403;23;4;269;1;0,25;1
404;23;4;467;1;0,1;1
405;23;1;461;1;0,4;2
406;23;1;464;1;0,28;2
407;23;1;269;1;0,17;2
408;23;1;460;1;0,05;2
409;23;1;463;1;0,05;2
410;23;1;310;1;0,05;2
411;23;2;1029;1;0,5;2
412;23;2;1030;1;0,25;2
413;23;2;461;1;0,23;2
414;23;2;310;1;0,02;2
415;23;3;269;2;0,43;2
416;23;3;464;1;0,3;2
417;23;3;461;1;0,15;2
418;23;3;467;1;0,08;2
419;23;3;310;1;0,04;2
420;23;4;465;1;0,7;2
421;23;4;467;1;0,12;2
422;23;4;310;1;0,1;2
423;23;4;269;2;0,08;2
424;23;1;462;1;0,5;3
425;23;1;461;1;0,12;3
426;23;1;464;1;0,12;3
427;23;1;269;1;0,11;3
428;23;1;457;1;0,1;3
429;23;1;311;1;0,05;3
430;23;2;1029;1;0,4;3
431;23;2;1030;1;0,3;3
432;23;2;462;1;0,27;3
433;23;2;311;1;0,03;3
434;23;3;462;1;0,41;3
435;23;3;269;3;0,33;3
436;23;3;464;2;0,19;3
437;23;3;311;1;0,07;3
438;23;4;466;1;0,7;3
439;23;4;269;5;0,15;3
440;23;4;310;1;0,08;3
441;23;4;311;1;0,07;3
442;24;1;471;1;0,4;1
443;24;1;474;1;0,27;1
444;24;1;274;1;0,25;1
445;24;1;469;1;0,08;1
446;24;2;1029;1;0,75;1
447;24;2;469;1;0,25;1
448;24;3;474;1;0,48;1
449;24;3;274;1;0,32;1
450;24;3;471;1;0,2;1
451;24;4;476;1;0,6;1
452;24;4;274;1;0,4;1
453;24;1;472;1;0,38;2
454;24;1;275;1;0,21;2
455;24;1;475;1;0,21;2
456;24;1;471;1;0,08;2
457;24;1;474;1;0,07;2
458;24;1;311;1;0,05;2
459;24;2;1029;1;0,5;2
460;24;2;1030;1;0,25;2
461;24;2;472;1;0,23;2
462;24;2;310;1;0,02;2
463;24;3;475;1;0,45;2
464;24;3;275;1;0,28;2
465;24;3;472;1;0,14;2
466;24;3;274;2;0,08;2
467;24;3;310;1;0,05;2
468;24;4;476;1;0,6;2
469;24;4;275;2;0,28;2
470;24;4;310;1;0,12;2
471;24;1;473;1;0,57;3
472;24;1;475;1;0,15;3
473;24;1;472;1;0,13;3
474;24;1;275;1;0,1;3
475;24;1;311;1;0,05;3
476;24;2;1029;1;0,4;3
477;24;2;1030;1;0,3;3
478;24;2;473;1;0,27;3
479;24;2;311;1;0,03;3
480;24;3;473;1;0,66;3
481;24;3;475;2;0,27;3
482;24;3;311;1;0,07;3
483;24;4;477;1;0,7;3
484;24;4;310;1;0,23;3
485;24;4;311;1;0,07;3
486;25;1;482;1;0,4;1
487;25;1;485;1;0,27;1
488;25;1;270;1;0,25;1
489;25;1;478;1;0,08;1
490;25;2;1029;1;0,75;1
491;25;2;478;1;0,25;1
492;25;3;485;1;0,4;1
493;25;3;270;1;0,4;1
494;25;3;482;1;0,2;1
495;25;4;487;1;0,5;1
496;25;4;270;1;0,5;1
497;25;1;483;1;0,4;2
498;25;1;271;1;0,21;2
499;25;1;486;1;0,19;2
500;25;1;482;1;0,08;2
501;25;1;485;1;0,07;2
502;25;1;310;1;0,05;2
503;25;2;1029;1;0,5;2
504;25;2;1030;1;0,25;2
505;25;2;483;1;0,23;2
506;25;2;310;1;0,02;2
507;25;3;271;1;0,38;2
508;25;3;486;1;0,35;2
509;25;3;483;1;0,15;2
510;25;3;270;2;0,08;2
511;25;3;310;1;0,04;2
512;25;4;487;1;0,6;2
513;25;4;271;2;0,3;2
514;25;4;310;1;0,1;2
515;25;1;484;1;0,46;3
516;25;1;486;1;0,22;3
517;25;1;271;1;0,16;3
518;25;1;483;1;0,11;3
519;25;1;311;1;0,05;3
520;25;2;1030;1;0,4;3
521;25;2;1030;1;0,3;3
522;25;2;484;1;0,27;3
523;25;2;311;1;0,03;3
524;25;3;484;1;0,58;3
525;25;3;486;2;0,35;3
526;25;3;311;1;0,07;3
527;25;4;488;1;0,7;3
528;25;4;310;1;0,23;3
529;25;4;311;1;0,07;3
530;26;1;489;1;0,65;1
531;26;1;491;1;0,25;1
532;26;1;301;1;0,1;1
533;26;2;1031;1;0,75;1
534;26;2;489;1;0,25;1
535;26;3;491;1;0,4;1
536;26;3;301;2;0,25;1
537;26;3;494;1;0,2;1
538;26;3;489;1;0,1;1
539;26;3;453;2;0,05;1
540;26;5;494;1;0,7;1
541;26;5;489;1;0,3;1
542;26;1;490;1;0,6;2
543;26;1;492;1;0,2;2
544;26;1;302;1;0,1;2
545;26;1;489;1;0,1;2
546;26;2;1031;1;0,38;2
547;26;2;1032;1;0,37;2
548;26;2;490;1;0,25;2
549;26;3;492;1;0,4;2
550;26;3;302;2;0,2;2
551;26;3;495;1;0,2;2
552;26;3;491;2;0,1;2
553;26;3;490;1;0,1;2
554;26;5;495;1;0,65;2
555;26;5;490;1;0,25;2
556;26;5;494;2;0,1;2
557;26;1;493;1;0,38;3
558;26;1;303;1;0,27;3
559;26;1;490;1;0,25;3
560;26;1;497;1;0,1;3
561;26;2;1032;1;0,5;3
562;26;2;1031;1;0,25;3
563;26;2;490;1;0,25;3
564;26;3;493;1;0,38;3
565;26;3;496;1;0,2;3
566;26;3;497;1;0,15;3
567;26;3;492;2;0,1;3
568;26;3;490;1;0,1;3
569;26;3;303;2;0,07;3
570;26;5;496;1;0,65;3
571;26;5;490;1;0,25;3
572;26;5;495;2;0,1;3
573;27;1;498;1;0,5;1
574;27;1;504;1;0,3;1
575;27;1;506;1;0,15;1
576;27;1;301;1;0,05;1
577;27;2;1031;1;0,75;1
578;27;2;498;1;0,15;1
579;27;2;504;1;0,1;1
580;27;3;504;1;0,4;1
581;27;3;506;1;0,24;1
582;27;3;301;2;0,2;1
583;27;3;498;2;0,1;1
584;27;3;453;2;0,06;1
585;27;4;501;1;0,75;1
586;27;4;498;1;0,25;1
587;27;1;499;1;0,45;2
588;27;1;505;1;0,28;2
589;27;1;507;1;0,12;2
590;27;1;498;1;0,1;2
591;27;1;302;1;0,05;2
592;27;2;1031;1;0,38;2
593;27;2;1032;1;0,37;2
594;27;2;499;1;0,15;2
595;27;2;505;1;0,1;2
596;27;3;505;1;0,35;2
597;27;3;507;1;0,25;2
598;27;3;302;2;0,17;2
599;27;3;499;2;0,1;2
600;27;3;504;2;0,08;2
601;27;3;506;2;0,05;2
602;27;4;502;1;0,7;2
603;27;4;499;1;0,2;2
604;27;4;501;2;0,1;2
605;27;1;500;1;0,38;3
606;27;1;303;1;0,2;3
607;27;1;507;1;0,12;3
608;27;1;497;1;0,1;3
609;27;1;505;1;0,1;3
610;27;1;499;1;0,1;3
611;27;2;1032;1;0,5;3
612;27;2;1031;1;0,25;3
613;27;2;500;1;0,15;3
614;27;2;505;1;0,1;3
615;27;3;500;1;0,31;3
616;27;3;497;1;0,24;3
617;27;3;505;2;0,13;3
618;27;3;507;1;0,13;3
619;27;3;499;2;0,12;3
620;27;3;303;2;0,07;3
621;27;4;503;1;0,7;3
622;27;4;500;1;0,2;3
623;27;4;502;2;0,1;3
624;28;1;508;1;0,35;1
625;28;1;272;1;0,35;1
626;28;1;511;1;0,2;1
627;28;1;514;1;0,1;1
628;28;2;1031;1;0,75;1
629;28;2;272;1;0,15;1
630;28;2;514;1;0,1;1
631;28;3;508;1;0,5;1
632;28;3;272;1;0,32;1
633;28;3;511;2;0,1;1
634;28;3;453;1;0,08;1
635;28;6;514;1;0,6;1
636;28;6;508;1;0,4;1
637;28;1;509;1;0,3;2
638;28;1;273;1;0,3;2
639;28;1;512;1;0,2;2
640;28;1;514;1;0,12;2
641;28;1;511;1;0,08;2
642;28;2;1031;1;0,38;2
643;28;2;1032;1;0,37;2
644;28;2;273;1;0,15;2
645;28;2;514;1;0,1;2
646;28;3;509;1;0,42;2
647;28;3;273;1;0,38;2
648;28;3;512;2;0,1;2
649;28;3;272;2;0,1;2
650;28;6;514;2;0,52;2
651;28;6;509;1;0,4;2
652;28;6;508;2;0,08;2
653;28;1;510;1;0,3;3
654;28;1;303;1;0,2;3
655;28;1;513;1;0,2;3
656;28;1;273;1;0,1;3
657;28;1;497;1;0,1;3
658;28;1;512;1;0,1;3
659;28;2;1032;1;0,5;3
660;28;2;1031;1;0,25;3
661;28;2;273;1;0,25;3
662;28;3;513;1;0,3;3
663;28;3;510;1;0,2;3
664;28;3;497;1;0,15;3
665;28;3;273;2;0,14;3
666;28;3;512;2;0,14;3
667;28;3;303;2;0,07;3
668;28;6;510;1;0,7;3
669;28;6;509;2;0,3;3
670;29;1;515;1;0,45;1
671;29;1;518;1;0,32;1
672;29;1;290;1;0,12;1
673;29;1;521;1;0,09;1
674;29;1;523;1;0,02;1
675;29;2;1029;1;0,75;1
676;29;2;515;1;0,18;1
677;29;2;521;1;0,07;1
678;29;3;518;1;0,28;1
679;29;3;269;2;0,25;1
680;29;3;526;1;0,2;1
681;29;3;521;1;0,12;1
682;29;3;290;2;0,1;1
683;29;3;523;1;0,05;1
684;29;4;523;1;0,75;1
685;29;4;269;2;0,25;1
686;29;7;526;1;0,5;1
687;29;7;518;1;0,4;1
688;29;7;521;1;0,1;1
689;29;1;516;1;0,4;2
690;29;1;519;1;0,32;2
691;29;1;521;1;0,16;2
692;29;1;296;1;0,1;2
693;29;1;524;1;0,02;2
694;29;2;1029;1;0,38;2
695;29;2;1030;1;0,37;2
696;29;2;516;1;0,15;2
697;29;2;521;1;0,1;2
698;29;3;519;1;0,24;2
699;29;3;269;2;0,2;2
700;29;3;526;1;0,2;2
701;29;3;521;1;0,15;2
702;29;3;516;2;0,1;2
703;29;3;524;1;0,09;2
704;29;3;308;1;0,02;2
705;29;4;524;1;0,55;2
706;29;4;269;2;0,25;2
707;29;4;523;1;0,2;2
708;29;7;519;1;0,43;2
709;29;7;526;1;0,3;2
710;29;7;521;1;0,19;2
711;29;7;526;2;0,05;2
712;29;7;308;1;0,03;2
713;29;1;517;1;0,45;3
714;29;1;520;1;0,32;3
715;29;1;298;1;0,12;3
716;29;1;522;1;0,09;3
717;29;1;525;1;0,02;3
718;29;2;1030;1;0,42;3
719;29;2;1029;1;0,25;3
720;29;2;517;1;0,21;3
721;29;2;522;1;0,12;3
722;29;3;520;1;0,24;3
723;29;3;527;1;0,2;3
724;29;3;269;4;0,19;3
725;29;3;522;1;0,15;3
726;29;3;517;2;0,1;3
727;29;3;525;1;0,09;3
728;29;3;309;1;0,03;3
729;29;4;525;1;0,6;3
730;29;4;524;1;0,2;3
731;29;4;269;4;0,2;3
732;29;7;520;1;0,43;3
733;29;7;527;1;0,35;3
734;29;7;522;1;0,19;3
735;29;7;309;1;0,03;3
736;30;1;528;1;0,4;2
737;30;1;530;1;0,32;2
738;30;1;521;1;0,16;2
739;30;1;296;1;0,1;2
740;30;1;524;1;0,02;2
741;30;2;1029;1;0,38;2
742;30;2;1030;1;0,37;2
743;30;2;528;1;0,15;2
744;30;2;521;1;0,1;2
745;30;3;530;1;0,23;2
746;30;3;532;1;0,21;2
747;30;3;269;2;0,2;2
748;30;3;528;2;0,15;2
749;30;3;521;1;0,1;2
750;30;3;524;1;0,09;2
751;30;3;308;1;0,02;2
752;30;4;524;1;0,55;2
753;30;4;269;2;0,25;2
754;30;4;523;1;0,2;2
755;30;7;532;1;0,6;2
756;30;7;530;1;0,27;2
757;30;7;521;1;0,1;2
758;30;7;308;1;0,03;2
759;30;1;529;1;0,42;3
760;30;1;531;1;0,32;3
761;30;1;522;1;0,13;3
762;30;1;298;1;0,1;3
763;30;1;525;1;0,03;3
764;30;2;1030;1;0,42;3
765;30;2;1029;1;0,25;3
766;30;2;529;1;0,21;3
767;30;2;522;1;0,12;3
768;30;3;531;1;0,24;3
769;30;3;533;1;0,21;3
770;30;3;269;4;0,17;3
771;30;3;529;2;0,15;3
772;30;3;522;1;0,1;3
773;30;3;525;1;0,09;3
774;30;3;309;1;0,04;3
775;30;4;525;1;0,6;3
776;30;4;524;1;0,2;3
777;30;4;269;4;0,2;3
778;30;7;533;1;0,6;3
779;30;7;531;1;0,27;3
780;30;7;522;1;0,1;3
781;30;7;309;1;0,03;3
782;31;1;558;1;0,46;1
783;31;1;561;1;0,29;1
784;31;1;567;1;0,15;1
785;31;1;564;1;0,1;1
786;31;8;567;1;0,8;1
787;31;8;561;1;0,2;1
788;31;9;569;1;0,7;1
789;31;9;561;1;0,3;1
790;31;2;1029;1;0,75;1
791;31;2;571;1;0,2;1
792;31;2;561;1;0,05;1
793;31;3;567;1;0,33;1
794;31;3;561;1;0,27;1
795;31;3;569;1;0,25;1
796;31;3;571;2;0,1;1
797;31;3;558;1;0,05;1
798;31;10;564;1;0,65;1
799;31;10;558;1;0,35;1
800;31;1;559;1;0,42;2
801;31;1;562;1;0,3;2
802;31;1;565;1;0,18;2
803;31;1;567;1;0,1;2
804;31;8;567;1;0,58;2
805;31;8;562;1;0,34;2
806;31;8;561;1;0,05;2
807;31;8;308;1;0,03;2
808;31;9;569;1;0,55;2
809;31;9;562;1;0,32;2
810;31;9;561;1;0,1;2
811;31;9;308;1;0,03;2
812;31;2;1029;1;0,38;2
813;31;2;1030;1;0,37;2
814;31;2;571;1;0,15;2
815;31;2;562;1;0,1;2
816;31;3;559;1;0,25;2
817;31;3;562;1;0,25;2
818;31;3;567;1;0,18;2
819;31;3;569;1;0,14;2
820;31;3;571;4;0,1;2
821;31;3;561;1;0,05;2
822;31;3;308;1;0,03;2
823;31;10;565;1;0,62;2
824;31;10;559;1;0,23;2
825;31;10;564;2;0,15;2
826;31;1;560;1;0,44;3
827;31;1;563;1;0,28;3
828;31;1;566;1;0,18;3
829;31;1;568;1;0,1;3
830;31;8;568;1;0,75;3
831;31;8;563;1;0,25;3
832;31;9;570;1;0,72;3
833;31;9;563;1;0,25;3
834;31;9;309;1;0,03;3
835;31;2;1030;1;0,5;3
836;31;2;563;1;0,25;3
837;31;2;1029;1;0,25;3
838;31;3;568;1;0,28;3
839;31;3;563;1;0,25;3
840;31;3;570;1;0,24;3
841;31;3;560;1;0,1;3
842;31;3;571;6;0,1;3
843;31;3;309;1;0,03;3
844;31;10;566;1;0,62;3
845;31;10;560;1;0,23;3
846;31;10;565;2;0,15;3
847;32;1;572;1;0,47;2
848;32;1;574;1;0,32;2
849;32;1;576;1;0,11;2
850;32;1;578;1;0,1;2
851;32;8;578;1;0,8;2
852;32;8;574;1;0,17;2
853;32;8;308;1;0,03;2
854;32;9;580;1;0,7;2
855;32;9;574;1;0,27;2
856;32;9;308;1;0,03;2
857;32;2;1029;1;0,45;2
858;32;2;1030;1;0,3;2
859;32;2;582;1;0,15;2
860;32;2;574;1;0,1;2
861;32;3;578;1;0,3;2
862;32;3;574;1;0,27;2
863;32;3;580;1;0,25;2
864;32;3;582;2;0,1;2
865;32;3;572;1;0,05;2
866;32;3;308;1;0,03;2
867;32;10;576;1;0,65;2
868;32;10;572;1;0,35;2
869;32;1;573;1;0,47;3
870;32;1;575;1;0,32;3
871;32;1;577;1;0,11;3
872;32;1;579;1;0,1;3
873;32;8;579;1;0,75;3
874;32;8;573;1;0,25;3
875;32;9;581;1;0,72;3
876;32;9;575;1;0,25;3
877;32;9;309;1;0,03;3
878;32;2;1030;1;0,5;3
879;32;2;1029;1;0,25;3
880;32;2;575;1;0,15;3
881;32;2;582;1;0,1;3
882;32;3;575;1;0,27;3
883;32;3;579;1;0,26;3
884;32;3;581;1;0,24;3
885;32;3;582;4;0,1;3
886;32;3;575;1;0,09;3
887;32;3;309;1;0,04;3
888;32;10;577;1;0,65;3
889;32;10;573;1;0,35;3
890;33;1;745;1;0,46;1
891;33;1;748;1;0,34;1
892;33;1;751;1;0,12;1
893;33;1;753;1;0,08;1
894;33;11;212;1;0,5;1
895;33;11;213;1;0,43;1
896;33;11;1011;1;0,07;1
897;33;9;745;1;0,58;1
898;33;9;753;1;0,32;1
899;33;9;755;1;0,1;1
900;33;2;1029;1;0,74;1
901;33;2;212;1;0,18;1
902;33;2;755;1;0,08;1
903;33;3;748;1;0,28;1
904;33;3;745;1;0,24;1
905;33;3;751;1;0,15;1
906;33;3;212;2;0,15;1
907;33;3;753;1;0,1;1
908;33;3;755;1;0,08;1
909;33;12;751;1;0,74;1
910;33;12;748;1;0,16;1
911;33;12;753;1;0,1;1
912;33;13;745;2;0,6;1
913;33;13;212;2;0,25;1
914;33;13;753;1;0,1;1
915;33;13;755;1;0,05;1
916;33;1;746;1;0,42;2
917;33;1;749;1;0,28;2
918;33;1;753;1;0,12;2
919;33;1;751;1;0,1;2
920;33;1;755;1;0,08;2
921;33;11;212;1;0,4;2
922;33;11;213;1;0,35;2
923;33;11;218;1;0,1;2
924;33;11;1011;1;0,1;2
925;33;11;1012;1;0,05;2
926;33;9;746;1;0,58;2
927;33;9;753;1;0,25;2
928;33;9;755;1;0,14;2
929;33;9;756;1;0,03;2
930;33;2;1029;1;0,38;2
931;33;2;1030;1;0,37;2
932;33;2;212;1;0,14;2
933;33;2;755;1;0,09;2
934;33;2;756;1;0,02;2
935;33;3;749;1;0,25;2
936;33;3;751;1;0,2;2
937;33;3;746;1;0,2;2
938;33;3;755;1;0,12;2
939;33;3;212;4;0,12;2
940;33;3;753;2;0,08;2
941;33;3;756;1;0,03;2
942;33;12;751;1;0,57;2
943;33;12;749;1;0,27;2
944;33;12;748;2;0,08;2
945;33;12;753;2;0,05;2
946;33;12;756;1;0,03;2
947;33;13;746;2;0,58;2
948;33;13;753;1;0,16;2
949;33;13;755;1;0,1;2
950;33;13;745;3;0,08;2
951;33;13;212;4;0,08;2
952;33;1;747;1;0,46;3
953;33;1;750;1;0,34;3
954;33;1;752;1;0,12;3
955;33;1;754;1;0,08;3
956;33;11;218;1;0,35;3
957;33;11;212;1;0,3;3
958;33;11;1012;1;0,2;3
959;33;11;224;1;0,15;3
960;33;9;747;1;0,58;3
961;33;9;754;1;0,36;3
962;33;9;756;1;0,04;3
963;33;9;757;1;0,02;3
964;33;2;1030;1;0,5;3
965;33;2;750;1;0,23;3
966;33;2;1029;1;0,22;3
967;33;2;756;1;0,03;3
968;33;2;757;1;0,02;3
969;33;3;750;1;0,28;3
970;33;3;752;1;0,21;3
971;33;3;747;1;0,2;3
972;33;3;749;2;0,12;3
973;33;3;754;2;0,12;3
974;33;3;756;1;0,05;3
975;33;3;757;1;0,02;3
976;33;12;752;1;0,55;3
977;33;12;750;1;0,25;3
978;33;12;749;2;0,08;3
979;33;12;754;2;0,05;3
980;33;12;756;1;0,04;3
981;33;12;757;1;0,03;3
982;33;13;747;1;0,58;3
983;33;13;754;1;0,16;3
984;33;13;750;1;0,1;3
985;33;13;749;2;0,08;3
986;33;13;746;2;0,08;3
987;34;1;758;1;0,42;2
988;34;1;760;1;0,28;2
989;34;1;764;1;0,12;2
990;34;1;762;1;0,1;2
991;34;1;755;1;0,08;2
992;34;11;212;1;0,4;2
993;34;11;213;1;0,35;2
994;34;11;218;1;0,1;2
995;34;11;1011;1;0,1;2
996;34;11;1012;1;0,05;2
997;34;9;758;1;0,58;2
998;34;9;764;1;0,24;2
999;34;9;755;1;0,14;2
1000;34;9;756;1;0,04;2
1001;34;2;1029;1;0,38;2
1002;34;2;1030;1;0,37;2
1003;34;2;212;1;0,14;2
1004;34;2;755;1;0,08;2
1005;34;2;756;1;0,03;2
1006;34;3;760;1;0,25;2
1007;34;3;762;1;0,2;2
1008;34;3;758;1;0,2;2
1009;34;3;764;2;0,12;2
1010;34;3;755;1;0,1;2
1011;34;3;212;4;0,1;2
1012;34;3;756;1;0,03;2
1013;34;12;762;1;0,65;2
1014;34;12;760;1;0,2;2
1015;34;12;764;1;0,12;2
1016;34;12;756;1;0,03;2
1017;34;13;758;2;0,58;2
1018;34;13;764;1;0,24;2
1019;34;13;755;1;0,1;2
1020;34;13;212;4;0,08;2
1021;34;1;759;1;0,46;3
1022;34;1;761;1;0,34;3
1023;34;1;765;1;0,12;3
1024;34;1;763;1;0,08;3
1025;34;11;218;1;0,35;3
1026;34;11;212;1;0,3;3
1027;34;11;1012;1;0,2;3
1028;34;11;224;1;0,15;3
1029;34;9;759;1;0,55;3
1030;34;9;765;1;0,36;3
1031;34;9;756;1;0,06;3
1032;34;9;757;1;0,03;3
1033;34;2;1030;1;0,5;3
1034;34;2;1029;1;0,22;3
1035;34;2;761;1;0,21;3
1036;34;2;756;1;0,04;3
1037;34;2;757;1;0,03;3
1038;34;3;761;1;0,28;3
1039;34;3;763;1;0,21;3
1040;34;3;759;1;0,2;3
1041;34;3;765;1;0,12;3
1042;34;3;760;1;0,1;3
1043;34;3;756;1;0,06;3
1044;34;3;757;1;0,03;3
1045;34;12;763;1;0,55;3
1046;34;12;761;1;0,25;3
1047;34;12;760;2;0,06;3
1048;34;12;765;1;0,05;3
1049;34;12;756;1;0,05;3
1050;34;12;757;1;0,04;3
1051;34;13;759;1;0,58;3
1052;34;13;765;1;0,16;3
1053;34;13;761;1;0,1;3
1054;34;13;760;2;0,08;3
1055;34;13;758;2;0,08;3
1056;35;1;863;1;0,46;1
1057;35;1;866;1;0,4;1
1058;35;1;869;1;0,1;1
1059;35;1;877;1;0,04;1
1060;35;14;871;1;0,78;1
1061;35;14;863;1;0,16;1
1062;35;14;877;1;0,06;1
1063;35;9;871;1;0,81;1
1064;35;9;863;1;0,16;1
1065;35;9;877;1;0,03;1
1066;35;2;1029;1;0,75;1
1067;35;2;866;1;0,2;1
1068;35;2;869;1;0,05;1
1069;35;3;866;1;0,4;1
1070;35;3;869;1;0,24;1
1071;35;3;863;1;0,2;1
1072;35;3;874;1;0,1;1
1073;35;3;877;1;0,06;1
1074;35;4;874;1;0,75;1
1075;35;4;863;1;0,25;1
1076;35;15;869;1;0,6;1
1077;35;15;866;1;0,27;1
1078;35;15;863;1;0,13;1
1079;35;1;864;1;0,42;2
1080;35;1;867;1;0,34;2
1081;35;1;869;1;0,1;2
1082;35;1;863;1;0,06;2
1083;35;1;877;1;0,05;2
1084;35;1;878;1;0,03;2
1085;35;14;872;1;0,74;2
1086;35;14;864;1;0,1;2
1087;35;14;877;1;0,08;2
1088;35;14;871;1;0,05;2
1089;35;14;878;1;0,03;2
1090;35;9;872;1;0,77;2
1091;35;9;864;1;0,1;2
1092;35;9;871;1;0,06;2
1093;35;9;877;1;0,05;2
1094;35;9;878;1;0,02;2
1095;35;2;1029;1;0,38;2
1096;35;2;1030;1;0,37;2
1097;35;2;867;1;0,18;2
1098;35;2;869;1;0,07;2
1099;35;3;867;1;0,38;2
1100;35;3;864;1;0,18;2
1101;35;3;875;1;0,13;2
1102;35;3;869;2;0,1;2
1103;35;3;866;2;0,1;2
1104;35;3;877;1;0,07;2
1105;35;3;878;1;0,04;2
1106;35;4;875;1;0,7;2
1107;35;4;864;1;0,2;2
1108;35;4;874;2;0,1;2
1109;35;15;869;1;0,4;2
1110;35;15;867;1;0,26;2
1111;35;15;869;2;0,22;2
1112;35;15;864;1;0,12;2
1113;35;1;865;1;0,42;3
1114;35;1;868;1;0,34;3
1115;35;1;870;1;0,1;3
1116;35;1;864;1;0,08;3
1117;35;1;878;1;0,04;3
1118;35;1;879;1;0,02;3
1119;35;14;873;1;0,75;3
1120;35;14;865;1;0,1;3
1121;35;14;872;1;0,08;3
1122;35;14;878;1;0,05;3
1123;35;14;879;1;0,02;3
1124;35;9;873;1;0,77;3
1125;35;9;865;1;0,11;3
1126;35;9;872;1;0,07;3
1127;35;9;878;1;0,04;3
1128;35;9;879;1;0,01;3
1129;35;2;1030;1;0,5;3
1130;35;2;1029;1;0,25;3
1131;35;2;868;1;0,2;3
1132;35;2;870;1;0,05;3
1133;35;3;868;1;0,38;3
1134;35;3;865;1;0,18;3
1135;35;3;876;1;0,14;3
1136;35;3;870;1;0,1;3
1137;35;3;867;2;0,1;3
1138;35;3;878;1;0,07;3
1139;35;3;879;1;0,03;3
1140;35;4;876;1;0,7;3
1141;35;4;865;1;0,2;3
1142;35;4;875;2;0,1;3
1143;35;15;870;1;0,6;3
1144;35;15;868;1;0,27;3
1145;35;15;865;1;0,13;3
1146;36;1;880;1;0,46;3
1147;36;1;881;1;0,35;3
1148;36;1;870;1;0,11;3
1149;36;1;878;1;0,05;3
1150;36;1;879;1;0,03;3
1151;36;14;882;1;0,76;3
1152;36;14;880;1;0,15;3
1153;36;14;878;1;0,06;3
1154;36;14;879;1;0,03;3
1155;36;9;882;1;0,79;3
1156;36;9;880;1;0,14;3
1157;36;9;878;1;0,05;3
1158;36;9;879;1;0,02;3
1159;36;2;1030;1;0,5;3
1160;36;2;1029;1;0,25;3
1161;36;2;881;1;0,2;3
1162;36;2;870;1;0,05;3
1163;36;3;881;1;0,38;3
1164;36;3;880;1;0,21;3
1165;36;3;298;2;0,15;3
1166;36;3;876;1;0,12;3
1167;36;3;870;1;0,1;3
1168;36;3;879;1;0,04;3
1169;36;4;876;1;0,75;3
1170;36;4;880;1;0,15;3
1171;36;4;876;2;0,1;3
1172;36;15;870;1;0,6;3
1173;36;15;881;1;0,27;3
1174;36;15;880;1;0,13;3
1175;37;1;597;1;0,4;1
1176;37;1;600;1;0,3;1
1177;37;1;603;1;0,15;1
1178;37;1;276;1;0,1;1
1179;37;1;604;1;0,05;1
1180;37;9;597;1;0,62;1
1181;37;9;604;1;0,2;1
1182;37;9;633;1;0,15;1
1183;37;9;607;1;0,03;1
1184;37;2;1029;1;0,74;1
1185;37;2;597;1;0,15;1
1186;37;2;604;1;0,1;1
1187;37;2;607;1;0,01;1
1188;37;3;600;1;0,3;1
1189;37;3;597;2;0,25;1
1190;37;3;633;1;0,23;1
1191;37;3;276;1;0,2;1
1192;37;3;607;1;0,02;1
1193;37;4;600;1;0,71;1
1194;37;4;597;1;0,25;1
1195;37;4;607;1;0,04;1
1196;37;7;631;1;0,7;1
1197;37;7;603;1;0,15;1
1198;37;7;307;4;0,15;1
1199;37;1;598;1;0,38;2
1200;37;1;601;1;0,25;2
1201;37;1;277;1;0,12;2
1202;37;1;603;1;0,12;2
1203;37;1;604;1;0,08;2
1204;37;1;605;1;0,05;2
1205;37;9;598;1;0,55;2
1206;37;9;605;1;0,15;2
1207;37;9;634;1;0,1;2
1208;37;9;607;1;0,1;2
1209;37;9;597;1;0,07;2
1210;37;9;608;1;0,03;2
1211;37;2;1029;1;0,38;2
1212;37;2;1030;1;0,37;2
1213;37;2;598;1;0,15;2
1214;37;2;605;1;0,08;2
1215;37;2;608;1;0,02;2
1216;37;3;601;1;0,3;2
1217;37;3;598;2;0,22;2
1218;37;3;277;1;0,15;2
1219;37;3;634;1;0,13;2
1220;37;3;633;1;0,13;2
1221;37;3;607;1;0,04;2
1222;37;3;608;1;0,03;2
1223;37;4;601;1;0,68;2
1224;37;4;598;1;0,2;2
1225;37;4;600;2;0,08;2
1226;37;4;608;1;0,04;2
1227;37;7;631;2;0,6;2
1228;37;7;598;1;0,15;2
1229;37;7;307;5;0,15;2
1230;37;7;603;2;0,1;2
1231;37;1;599;1;0,38;3
1232;37;1;602;1;0,32;3
1233;37;1;278;1;0,14;3
1234;37;1;601;1;0,08;3
1235;37;1;605;1;0,06;3
1236;37;1;606;1;0,02;3
1237;37;9;599;1;0,57;3
1238;37;9;634;1;0,16;3
1239;37;9;605;1;0,1;3
1240;37;9;606;1;0,1;3
1241;37;9;608;1;0,05;3
1242;37;9;609;1;0,02;3
1243;37;2;1030;1;0,5;3
1244;37;2;1029;1;0,25;3
1245;37;2;599;1;0,24;3
1246;37;2;609;1;0,01;3
1247;37;3;602;1;0,34;3
1248;37;3;599;2;0,24;3
1249;37;3;278;1;0,2;3
1250;37;3;634;1;0,16;3
1251;37;3;608;1;0,04;3
1252;37;3;609;1;0,02;3
1253;37;4;602;1;0,68;3
1254;37;4;599;1;0,2;3
1255;37;4;601;2;0,1;3
1256;37;4;609;1;0,02;3
1257;37;7;632;1;0,65;3
1258;37;7;599;1;0,25;3
1259;37;7;307;10;0,1;3
1260;38;1;610;1;0,4;2
1261;38;1;612;1;0,3;2
1262;38;1;277;1;0,13;2
1263;38;1;603;1;0,11;2
1264;38;1;605;1;0,06;2
1265;38;9;610;1;0,58;2
1266;38;9;605;1;0,16;2
1267;38;9;634;1;0,12;2
1268;38;9;607;1;0,1;2
1269;38;9;608;1;0,04;2
1270;38;2;1029;1;0,38;2
1271;38;2;1030;1;0,37;2
1272;38;2;610;1;0,15;2
1273;38;2;605;1;0,08;2
1274;38;2;608;1;0,02;2
1275;38;3;612;1;0,3;2
1276;38;3;610;2;0,2;2
1277;38;3;277;1;0,16;2
1278;38;3;634;1;0,15;2
1279;38;3;633;1;0,1;2
1280;38;3;607;1;0,05;2
1281;38;3;608;1;0,04;2
1282;38;4;612;1;0,76;2
1283;38;4;610;1;0,2;2
1284;38;4;608;1;0,04;2
1285;38;7;631;2;0,6;2
1286;38;7;610;1;0,15;2
1287;38;7;307;5;0,15;2
1288;38;7;603;2;0,1;2
1289;38;1;611;1;0,37;3
1290;38;1;613;1;0,32;3
1291;38;1;278;1;0,14;3
1292;38;1;612;1;0,08;3
1293;38;1;605;1;0,06;3
1294;38;1;606;1;0,03;3
1295;38;9;599;1;0,54;3
1296;38;9;634;1;0,16;3
1297;38;9;606;1;0,11;3
1298;38;9;605;1;0,1;3
1299;38;9;608;1;0,06;3
1300;38;9;609;1;0,03;3
1301;38;2;1030;1;0,5;3
1302;38;2;1029;1;0,25;3
1303;38;2;611;1;0,23;3
1304;38;2;609;1;0,02;3
1305;38;3;613;1;0,3;3
1306;38;3;611;1;0,22;3
1307;38;3;278;1;0,18;3
1308;38;3;634;1;0,11;3
1309;38;3;606;1;0,11;3
1310;38;3;608;1;0,05;3
1311;38;3;609;1;0,03;3
1312;38;4;613;1;0,74;3
1313;38;4;611;1;0,2;3
1314;38;4;608;1;0,04;3
1315;38;4;609;1;0,02;3
1316;38;7;632;1;0,7;3
1317;38;7;611;1;0,25;3
1318;38;7;307;10;0,05;3
1319;39;1;614;1;0,43;3
1320;39;1;615;1;0,29;3
1321;39;1;635;1;0,1;3
1322;39;1;616;1;0,1;3
1323;39;1;278;1;0,08;3
1324;39;9;614;1;0,45;3
1325;39;9;615;1;0,3;3
1326;39;9;616;1;0,13;3
1327;39;9;608;1;0,08;3
1328;39;9;609;1;0,04;3
1329;39;2;1030;1;0,6;3
1330;39;2;614;1;0,27;3
1331;39;2;635;1;0,1;3
1332;39;2;609;1;0,03;3
1333;39;3;615;1;0,25;3
1334;39;3;614;1;0,2;3
1335;39;3;278;1;0,18;3
1336;39;3;616;1;0,13;3
1337;39;3;634;1;0,09;3
1338;39;3;608;1;0,06;3
1339;39;3;635;2;0,05;3
1340;39;3;609;1;0,04;3
1341;39;4;615;1;0,72;3
1342;39;4;614;1;0,2;3
1343;39;4;608;1;0,05;3
1344;39;4;609;1;0,03;3
1345;39;7;632;1;0,7;3
1346;39;7;614;1;0,25;3
1347;39;7;307;10;0,05;3
1348;40;1;617;1;0,4;1
1349;40;1;620;1;0,28;1
1350;40;1;623;1;0,19;1
1351;40;1;276;1;0,08;1
1352;40;1;633;1;0,05;1
1353;40;9;626;1;0,6;1
1354;40;9;617;1;0,2;1
1355;40;9;633;1;0,17;1
1356;40;9;628;1;0,03;1
1357;40;2;1029;1;0,74;1
1358;40;2;617;1;0,24;1
1359;40;2;628;1;0,02;1
1360;40;3;620;1;0,42;1
1361;40;3;623;1;0,29;1
1362;40;3;633;1;0,18;1
1363;40;3;626;1;0,09;1
1364;40;3;628;1;0,02;1
1365;40;4;617;1;0,66;1
1366;40;4;620;1;0,3;1
1367;40;4;628;1;0,04;1
1368;40;7;631;1;0,7;1
1369;40;7;623;1;0,15;1
1370;40;7;307;4;0,15;1
1371;40;1;618;1;0,38;2
1372;40;1;621;1;0,29;2
1373;40;1;277;1;0,15;2
1374;40;1;624;1;0,13;2
1375;40;1;634;1;0,05;2
1376;40;9;626;1;0,48;2
1377;40;9;618;1;0,22;2
1378;40;9;634;1;0,1;2
1379;40;9;628;1;0,1;2
1380;40;9;617;1;0,07;2
1381;40;9;629;1;0,03;2
1382;40;2;1029;1;0,38;2
1383;40;2;1030;1;0,37;2
1384;40;2;618;1;0,23;2
1385;40;2;629;1;0,02;2
1386;40;3;621;1;0,38;2
1387;40;3;623;2;0,18;2
1388;40;3;633;1;0,16;2
1389;40;3;626;1;0,12;2
1390;40;3;634;1;0,08;2
1391;40;3;628;1;0,05;2
1392;40;3;629;1;0,03;2
1393;40;4;618;1;0,57;2
1394;40;4;621;1;0,25;2
1395;40;4;620;2;0,08;2
1396;40;4;628;1;0,06;2
1397;40;4;629;1;0,04;2
1398;40;7;631;2;0,6;2
1399;40;7;624;1;0,25;2
1400;40;7;307;5;0,15;2
1401;40;1;619;1;0,39;3
1402;40;1;622;1;0,28;3
1403;40;1;625;1;0,16;3
1404;40;1;278;1;0,13;3
1405;40;1;634;1;0,04;3
1406;40;9;627;1;0,57;3
1407;40;9;619;1;0,2;3
1408;40;9;634;1;0,16;3
1409;40;9;629;1;0,05;3
1410;40;9;630;1;0,02;3
1411;40;2;1030;1;0,5;3
1412;40;2;1029;1;0,25;3
1413;40;2;619;1;0,24;3
1414;40;2;630;1;0,01;3
1415;40;3;622;1;0,34;3
1416;40;3;619;1;0,19;3
1417;40;3;625;1;0,18;3
1418;40;3;627;1;0,12;3
1419;40;3;634;2;0,1;3
1420;40;3;629;1;0,05;3
1421;40;3;630;1;0,02;3
1422;40;4;619;1;0,57;3
1423;40;4;622;1;0,28;3
1424;40;4;621;2;0,08;3
1425;40;4;629;1;0,05;3
1426;40;4;630;1;0,02;3
1427;40;7;632;1;0,65;3
1428;40;7;625;1;0,25;3
1429;40;7;307;10;0,1;3
1430;41;1;636;1;0,38;2
1431;41;1;638;1;0,28;2
1432;41;1;277;1;0,15;2
1433;41;1;642;1;0,13;2
1434;41;1;634;1;0,06;2
1435;41;9;640;1;0,53;2
1436;41;9;636;1;0,22;2
1437;41;9;634;1;0,11;2
1438;41;9;628;1;0,1;2
1439;41;9;629;1;0,04;2
1440;41;2;1029;1;0,38;2
1441;41;2;1030;1;0,37;2
1442;41;2;636;1;0,23;2
1443;41;2;629;1;0,02;2
1444;41;3;638;1;0,38;2
1445;41;3;642;1;0,18;2
1446;41;3;634;1;0,13;2
1447;41;3;640;1;0,12;2
1448;41;3;633;1;0,1;2
1449;41;3;628;1;0,05;2
1450;41;3;629;1;0,04;2
1451;41;4;636;1;0,6;2
1452;41;4;638;1;0,3;2
1453;41;4;628;1;0,06;2
1454;41;4;629;1;0,04;2
1455;41;7;631;2;0,6;2
1456;41;7;642;1;0,25;2
1457;41;7;307;5;0,15;2
1458;41;1;637;1;0,39;3
1459;41;1;639;1;0,28;3
1460;41;1;625;1;0,16;3
1461;41;1;278;1;0,14;3
1462;41;1;634;1;0,03;3
1463;41;9;641;1;0,6;3
1464;41;9;637;1;0,21;3
1465;41;9;634;1;0,1;3
1466;41;9;629;1;0,06;3
1467;41;9;630;1;0,03;3
1468;41;2;1030;1;0,5;3
1469;41;2;1029;1;0,25;3
1470;41;2;637;1;0,23;3
1471;41;2;630;1;0,02;3
1472;41;3;637;1;0,34;3
1473;41;3;639;1;0,19;3
1474;41;3;641;1;0,15;3
1475;41;3;625;1;0,13;3
1476;41;3;634;2;0,1;3
1477;41;3;629;1;0,06;3
1478;41;3;630;1;0,03;3
1479;41;4;637;1;0,6;3
1480;41;4;639;1;0,32;3
1481;41;4;629;1;0,06;3
1482;41;4;630;1;0,02;3
1483;41;7;632;1;0,65;3
1484;41;7;625;1;0,3;3
1485;41;7;307;10;0,05;3
1486;42;1;643;1;0,39;3
1487;42;1;644;1;0,28;3
1488;42;1;635;1;0,12;3
1489;42;1;278;1;0,11;3
1490;42;1;625;1;0,1;3
1491;42;9;645;1;0,6;3
1492;42;9;643;1;0,15;3
1493;42;9;644;1;0,13;3
1494;42;9;629;1;0,08;3
1495;42;9;630;1;0,04;3
1496;42;2;1030;1;0,6;3
1497;42;2;643;1;0,2;3
1498;42;2;635;1;0,17;3
1499;42;2;630;1;0,03;3
1500;42;3;643;1;0,38;3
1501;42;3;644;1;0,19;3
1502;42;3;635;1;0,18;3
1503;42;3;645;1;0,15;3
1504;42;3;629;1;0,06;3
1505;42;3;630;1;0,04;3
1506;42;4;643;1;0,6;3
1507;42;4;644;1;0,31;3
1508;42;4;629;1;0,06;3
1509;42;4;630;1;0,03;3
1510;42;7;632;1;0,65;3
1511;42;7;625;1;0,25;3
1512;42;7;643;1;0,1;3
1513;43;1;724;1;0,63;1
1514;43;1;732;1;0,3;1
1515;43;1;727;1;0,07;1
1516;43;9;730;1;0,55;1
1517;43;9;724;1;0,37;1
1518;43;9;737;1;0,08;1
1519;43;2;1029;1;0,75;1
1520;43;2;727;1;0,25;1
1521;43;3;732;2;0,32;1
1522;43;3;724;1;0,3;1
1523;43;3;730;1;0,15;1
1524;43;3;727;1;0,13;1
1525;43;3;737;1;0,1;1
1526;43;16;733;1;0,92;1
1527;43;16;734;1;0,08;1
1528;43;1;725;1;0,6;2
1529;43;1;732;1;0,25;2
1530;43;1;724;1;0,08;2
1531;43;1;728;1;0,07;2
1532;43;9;730;1;0,5;2
1533;43;9;725;1;0,28;2
1534;43;9;737;1;0,12;2
1535;43;9;738;1;0,06;2
1536;43;9;308;1;0,04;2
1537;43;2;1029;1;0,38;2
1538;43;2;1030;1;0,37;2
1539;43;2;728;1;0,2;2
1540;43;2;727;1;0,05;2
1541;43;3;725;1;0,24;2
1542;43;3;730;1;0,2;2
1543;43;3;732;3;0,15;2
1544;43;3;737;1;0,14;2
1545;43;3;728;1;0,1;2
1546;43;3;738;1;0,08;2
1547;43;3;727;2;0,05;2
1548;43;3;308;1;0,04;2
1549;43;16;733;1;0,6;2
1550;43;16;734;1;0,4;2
1551;43;1;726;1;0,75;3
1552;43;1;725;1;0,1;3
1553;43;1;729;1;0,1;3
1554;43;1;738;1;0,05;3
1555;43;9;731;1;0,58;3
1556;43;9;726;1;0,3;3
1557;43;9;738;1;0,08;3
1558;43;9;309;1;0,04;3
1559;43;2;1030;1;0,5;3
1560;43;2;1029;1;0,25;3
1561;43;2;729;1;0,2;3
1562;43;2;728;1;0,05;3
1563;43;3;726;1;0,34;3
1564;43;3;731;1;0,25;3
1565;43;3;729;1;0,22;3
1566;43;3;738;1;0,11;3
1567;43;3;728;2;0,05;3
1568;43;3;309;1;0,03;3
1569;43;16;734;1;0,55;3
1570;43;16;735;1;0,4;3
1571;43;16;736;1;0,05;3
1572;44;1;739;1;0,63;2
1573;44;1;732;1;0,3;2
1574;44;1;741;1;0,07;2
1575;44;9;730;1;0,5;2
1576;44;9;739;1;0,28;2
1577;44;9;737;1;0,11;2
1578;44;9;738;1;0,06;2
1579;44;9;308;1;0,05;2
1580;44;2;1029;1;0,38;2
1581;44;2;1030;1;0,37;2
1582;44;2;741;1;0,25;2
1583;44;3;739;1;0,24;2
1584;44;3;730;1;0,2;2
1585;44;3;741;1;0,15;2
1586;44;3;732;3;0,15;2
1587;44;3;737;1;0,14;2
1588;44;3;738;1;0,08;2
1589;44;3;308;1;0,04;2
1590;44;16;733;1;0,75;2
1591;44;16;743;1;0,25;2
1592;44;1;740;1;0,75;3
1593;44;1;739;1;0,1;3
1594;44;1;742;1;0,1;3
1595;44;1;738;1;0,05;3
1596;44;9;731;1;0,58;3
1597;44;9;740;1;0,29;3
1598;44;9;738;1;0,08;3
1599;44;9;309;1;0,05;3
1600;44;2;1030;1;0,5;3
1601;44;2;1029;1;0,25;3
1602;44;2;742;1;0,2;3
1603;44;2;741;1;0,05;3
1604;44;3;740;1;0,33;3
1605;44;3;731;1;0,25;3
1606;44;3;742;1;0,22;3
1607;44;3;738;1;0,11;3
1608;44;3;741;2;0,05;3
1609;44;3;309;1;0,04;3
1610;44;16;743;1;0,55;3
1611;44;16;744;1;0,38;3
1612;44;16;736;1;0,07;3
1613;45;1;646;1;0,38;1
1614;45;1;288;1;0,21;1
1615;45;1;652;1;0,2;1
1616;45;1;657;1;0,12;1
1617;45;1;649;1;0,09;1
1618;45;2;1029;1;0,75;1
1619;45;2;288;1;0,2;1
1620;45;2;655;1;0,05;1
1621;45;3;657;1;0,27;1
1622;45;3;652;1;0,24;1
1623;45;3;649;1;0,17;1
1624;45;3;288;2;0,16;1
1625;45;3;655;1;0,08;1
1626;45;3;270;2;0,08;1
1627;45;4;646;1;0,41;1
1628;45;4;288;1;0,32;1
1629;45;4;655;1;0,15;1
1630;45;4;649;1;0,12;1
1631;45;17;646;1;0,4;1
1632;45;17;657;1;0,25;1
1633;45;17;288;1;0,23;1
1634;45;17;649;1;0,12;1
1635;45;13;646;1;0,4;1
1636;45;13;657;1;0,36;1
1637;45;13;649;1;0,24;1
1638;45;1;647;1;0,38;2
1639;45;1;653;1;0,2;2
1640;45;1;288;1;0,15;2
1641;45;1;655;1;0,1;2
1642;45;1;658;1;0,1;2
1643;45;1;650;1;0,07;2
1644;45;2;1029;1;0,38;2
1645;45;2;1030;1;0,37;2
1646;45;2;288;1;0,17;2
1647;45;2;655;1;0,08;2
1648;45;3;658;1;0,27;2
1649;45;3;653;1;0,24;2
1650;45;3;650;1;0,17;2
1651;45;3;288;2;0,11;2
1652;45;3;652;2;0,1;2
1653;45;3;657;2;0,08;2
1654;45;3;308;1;0,03;2
1655;45;4;647;1;0,38;2
1656;45;4;288;2;0,2;2
1657;45;4;655;1;0,2;2
1658;45;4;650;1;0,12;2
1659;45;4;646;2;0,1;2
1660;45;17;647;1;0,38;2
1661;45;17;658;1;0,22;2
1662;45;17;288;2;0,14;2
1663;45;17;657;2;0,14;2
1664;45;17;650;1;0,12;2
1665;45;13;647;1;0,38;2
1666;45;13;658;1;0,28;2
1667;45;13;650;1;0,22;2
1668;45;13;649;2;0,08;2
1669;45;13;308;1;0,04;2
1670;45;1;648;1;0,42;3
1671;45;1;654;1;0,22;3
1672;45;1;659;1;0,16;3
1673;45;1;651;1;0,12;3
1674;45;1;656;1;0,08;3
1675;45;2;1030;1;0,5;3
1676;45;2;1029;1;0,25;3
1677;45;2;655;1;0,15;3
1678;45;2;656;1;0,1;3
1679;45;3;659;1;0,3;3
1680;45;3;654;1;0,27;3
1681;45;3;651;1;0,18;3
1682;45;3;653;2;0,12;3
1683;45;3;658;2;0,1;3
1684;45;3;309;1;0,03;3
1685;45;4;648;1;0,44;3
1686;45;4;656;1;0,2;3
1687;45;4;651;1;0,2;3
1688;45;4;647;2;0,16;3
1689;45;17;648;1;0,42;3
1690;45;17;659;1;0,26;3
1691;45;17;651;1;0,16;3
1692;45;17;658;2;0,16;3
1693;45;13;648;1;0,38;3
1694;45;13;659;1;0,29;3
1695;45;13;651;1;0,22;3
1696;45;13;650;2;0,08;3
1697;45;13;309;1;0,03;3
1698;46;1;660;1;0,38;2
1699;46;1;662;1;0,2;2
1700;46;1;288;1;0,15;2
1701;46;1;655;1;0,1;2
1702;46;1;282;1;0,1;2
1703;46;1;650;1;0,07;2
1704;46;2;1029;1;0,38;2
1705;46;2;1030;1;0,37;2
1706;46;2;288;1;0,17;2
1707;46;2;655;1;0,08;2
1708;46;3;282;1;0,3;2
1709;46;3;662;1;0,25;2
1710;46;3;650;1;0,2;2
1711;46;3;288;2;0,15;2
1712;46;3;655;1;0,07;2
1713;46;3;308;1;0,03;2
1714;46;4;660;1;0,38;2
1715;46;4;288;2;0,25;2
1716;46;4;655;1;0,25;2
1717;46;4;650;1;0,12;2
1718;46;17;660;1;0,38;2
1719;46;17;288;2;0,28;2
1720;46;17;282;1;0,22;2
1721;46;17;650;1;0,12;2
1722;46;13;660;1;0,38;2
1723;46;13;282;1;0,28;2
1724;46;13;650;1;0,22;2
1725;46;13;649;2;0,08;2
1726;46;13;308;1;0,04;2
1727;46;1;661;1;0,44;3
1728;46;1;663;1;0,22;3
1729;46;1;283;1;0,14;3
1730;46;1;656;1;0,1;3
1731;46;1;651;1;0,1;3
1732;46;2;1030;1;0,5;3
1733;46;2;1029;1;0,25;3
1734;46;2;655;1;0,15;3
1735;46;2;656;1;0,1;3
1736;46;3;283;1;0,3;3
1737;46;3;663;1;0,25;3
1738;46;3;651;1;0,2;3
1739;46;3;283;2;0,14;3
1740;46;3;656;1;0,07;3
1741;46;3;309;1;0,04;3
1742;46;4;661;1;0,38;3
1743;46;4;656;1;0,25;3
1744;46;4;660;2;0,25;3
1745;46;4;651;1;0,12;3
1746;46;17;661;1;0,38;3
1747;46;17;282;2;0,28;3
1748;46;17;283;1;0,22;3
1749;46;17;651;1;0,12;3
1750;46;13;661;1;0,38;3
1751;46;13;283;1;0,29;3
1752;46;13;651;1;0,22;3
1753;46;13;650;2;0,08;3
1754;46;13;309;1;0,03;3
1755;47;1;697;1;0,43;1
1756;47;1;284;1;0,28;1
1757;47;1;700;1;0,19;1
1758;47;1;709;1;0,1;1
1759;47;9;707;1;0,6;1
1760;47;9;697;1;0,24;1
1761;47;9;706;1;0,16;1
1762;47;2;1029;1;0,75;1
1763;47;2;706;1;0,15;1
1764;47;2;284;1;0,1;1
1765;47;3;700;1;0,27;1
1766;47;3;706;1;0,2;1
1767;47;3;284;1;0,2;1
1768;47;3;709;1;0,18;1
1769;47;3;703;1;0,15;1
1770;47;18;709;1;0,55;1
1771;47;18;697;1;0,25;1
1772;47;18;284;1;0,2;1
1773;47;19;703;1;0,78;1
1774;47;19;706;1;0,12;1
1775;47;19;700;1;0,1;1
1776;47;1;698;1;0,35;2
1777;47;1;285;1;0,25;2
1778;47;1;701;1;0,18;2
1779;47;1;710;1;0,12;2
1780;47;1;700;1;0,1;2
1781;47;9;707;1;0,44;2
1782;47;9;698;1;0,3;2
1783;47;9;706;1;0,12;2
1784;47;9;697;1;0,1;2
1785;47;9;308;1;0,04;2
1786;47;2;1029;1;0,38;2
1787;47;2;1030;1;0,37;2
1788;47;2;285;1;0,2;2
1789;47;2;706;1;0,05;2
1790;47;3;701;1;0,26;2
1791;47;3;285;1;0,2;2
1792;47;3;710;1;0,16;2
1793;47;3;704;1;0,14;2
1794;47;3;706;2;0,12;2
1795;47;3;284;2;0,08;2
1796;47;3;308;1;0,04;2
1797;47;18;710;1;0,5;2
1798;47;18;698;1;0,25;2
1799;47;18;285;1;0,15;2
1800;47;18;709;2;0,1;2
1801;47;19;704;1;0,74;2
1802;47;19;701;1;0,1;2
1803;47;19;703;2;0,08;2
1804;47;19;706;1;0,08;2
1805;47;1;699;1;0,35;3
1806;47;1;286;1;0,25;3
1807;47;1;702;1;0,18;3
1808;47;1;711;1;0,12;3
1809;47;1;701;1;0,1;3
1810;47;9;708;1;0,56;3
1811;47;9;699;1;0,3;3
1812;47;9;698;1;0,1;3
1813;47;9;309;1;0,04;3
1814;47;2;1030;1;0,5;3
1815;47;2;286;1;0,25;3
1816;47;2;1029;1;0,25;3
1817;47;3;702;1;0,31;3
1818;47;3;286;1;0,21;3
1819;47;3;711;1;0,18;3
1820;47;3;705;1;0,18;3
1821;47;3;285;2;0,09;3
1822;47;3;309;1;0,03;3
1823;47;18;711;1;0,5;3
1824;47;18;699;1;0,25;3
1825;47;18;286;1;0,15;3
1826;47;18;710;2;0,1;3
1827;47;19;705;1;0,74;3
1828;47;19;704;2;0,16;3
1829;47;19;702;1;0,1;3
1830;48;1;712;1;0,43;2
1831;48;1;722;1;0,25;2
1832;48;1;714;1;0,2;2
1833;48;1;720;1;0,12;2
1834;48;9;718;1;0,75;2
1835;48;9;712;1;0,2;2
1836;48;9;308;1;0,05;2
1837;48;2;1029;1;0,38;2
1838;48;2;1030;1;0,37;2
1839;48;2;722;1;0,25;2
1840;48;3;714;1;0,34;2
1841;48;3;722;1;0,26;2
1842;48;3;720;1;0,2;2
1843;48;3;716;1;0,16;2
1844;48;3;308;1;0,04;2
1845;48;18;720;1;0,5;2
1846;48;18;712;1;0,3;2
1847;48;18;722;1;0,2;2
1848;48;19;716;1;0,74;2
1849;48;19;714;1;0,26;2
1850;48;1;713;1;0,35;3
1851;48;1;723;1;0,25;3
1852;48;1;715;1;0,18;3
1853;48;1;721;1;0,12;3
1854;48;1;714;1;0,1;3
1855;48;9;719;1;0,6;3
1856;48;9;713;1;0,25;3
1857;48;9;712;1;0,1;3
1858;48;9;309;1;0,05;3
1859;48;2;1030;1;0,5;3
1860;48;2;723;1;0,25;3
1861;48;2;1029;1;0,25;3
1862;48;3;715;1;0,31;3
1863;48;3;723;1;0,21;3
1864;48;3;721;1;0,18;3
1865;48;3;717;1;0,18;3
1866;48;3;722;2;0,09;3
1867;48;3;309;1;0,03;3
1868;48;18;721;1;0,5;3
1869;48;18;713;1;0,25;3
1870;48;18;723;1;0,15;3
1871;48;18;720;2;0,1;3
1872;48;19;717;1;0,74;3
1873;48;19;716;2;0,16;3
1874;48;19;715;1;0,1;3
1875;49;1;541;1;0,28;1
1876;49;1;538;1;0,23;1
1877;49;1;544;1;0,18;1
1878;49;1;287;1;0,15;1
1879;49;1;279;1;0,1;1
1880;49;1;537;1;0,06;1
1881;49;9;550;1;0,75;1
1882;49;9;541;1;0,25;1
1883;49;2;1029;1;0,75;1
1884;49;2;287;1;0,2;1
1885;49;2;541;1;0,05;1
1886;49;3;287;1;0,32;1
1887;49;3;279;1;0,25;1
1888;49;3;544;1;0,2;1
1889;49;3;541;2;0,13;1
1890;49;3;538;1;0,1;1
1891;49;4;547;1;0,8;1
1892;49;4;541;1;0,2;1
1893;49;20;538;1;0,45;1
1894;49;20;537;1;0,25;1
1895;49;20;287;1;0,2;1
1896;49;20;541;2;0,1;1
1897;49;1;542;1;0,28;2
1898;49;1;539;1;0,23;2
1899;49;1;545;1;0,18;2
1900;49;1;287;1;0,13;2
1901;49;1;280;1;0,1;2
1902;49;1;537;1;0,08;2
1903;49;9;550;1;0,7;2
1904;49;9;542;1;0,28;2
1905;49;9;308;1;0,02;2
1906;49;2;1029;1;0,38;2
1907;49;2;1030;1;0,37;2
1908;49;2;542;1;0,2;2
1909;49;2;287;1;0,05;2
1910;49;3;280;1;0,22;2
1911;49;3;548;1;0,18;2
1912;49;3;539;1;0,17;2
1913;49;3;287;2;0,15;2
1914;49;3;545;1;0,15;2
1915;49;3;544;2;0,1;2
1916;49;3;308;1;0,03;2
1917;49;4;548;1;0,45;2
1918;49;4;547;1;0,35;2
1919;49;4;542;1;0,2;2
1920;49;20;539;1;0,5;2
1921;49;20;537;1;0,15;2
1922;49;20;287;2;0,12;2
1923;49;20;542;2;0,1;2
1924;49;20;541;3;0,08;2
1925;49;20;538;2;0,05;2
1926;49;1;543;1;0,35;3
1927;49;1;540;1;0,26;3
1928;49;1;281;1;0,16;3
1929;49;1;546;1;0,15;3
1930;49;1;287;1;0,08;3
1931;49;9;551;1;0,7;3
1932;49;9;543;1;0,28;3
1933;49;9;309;1;0,02;3
1934;49;2;1029;1;0,5;3
1935;49;2;1030;1;0,25;3
1936;49;2;543;1;0,15;3
1937;49;2;287;1;0,1;3
1938;49;3;281;1;0,22;3
1939;49;3;540;1;0,2;3
1940;49;3;549;1;0,18;3
1941;49;3;546;1;0,16;3
1942;49;3;287;3;0,11;3
1943;49;3;545;2;0,1;3
1944;49;3;309;1;0,03;3
1945;49;4;549;1;0,45;3
1946;49;4;548;1;0,35;3
1947;49;4;543;1;0,2;3
1948;49;20;540;1;0,55;3
1949;49;20;543;2;0,22;3
1950;49;20;287;3;0,1;3
1951;49;20;542;3;0,08;3
1952;49;20;539;2;0,05;3
1953;50;1;554;1;0,3;2
1954;50;1;552;1;0,25;2
1955;50;1;556;1;0,2;2
1956;50;1;287;1;0,15;2
1957;50;1;280;1;0,1;2
1958;50;9;550;1;0,55;2
1959;50;9;554;1;0,42;2
1960;50;9;308;1;0,03;2
1961;50;2;1029;1;0,38;2
1962;50;2;1030;1;0,37;2
1963;50;2;287;1;0,15;2
1964;50;2;554;1;0,1;2
1965;50;3;552;1;0,32;2
1966;50;3;280;1;0,22;2
1967;50;3;548;1;0,18;2
1968;50;3;287;2;0,15;2
1969;50;3;279;2;0,1;2
1970;50;3;308;1;0,03;2
1971;50;4;548;1;0,6;2
1972;50;4;554;1;0,4;2
1973;50;20;552;1;0,55;2
1974;50;20;287;2;0,2;2
1975;50;20;537;1;0,15;2
1976;50;20;554;2;0,1;2
1977;50;1;555;1;0,35;3
1978;50;1;553;1;0,26;3
1979;50;1;557;1;0,16;3
1980;50;1;281;1;0,16;3
1981;50;1;287;1;0,07;3
1982;50;9;551;1;0,62;3
1983;50;9;555;1;0,35;3
1984;50;9;309;1;0,03;3
1985;50;2;1030;1;0,5;3
1986;50;2;1029;1;0,25;3
1987;50;2;555;1;0,15;3
1988;50;2;287;1;0,1;3
1989;50;3;553;1;0,34;3
1990;50;3;281;1;0,23;3
1991;50;3;549;1;0,18;3
1992;50;3;287;3;0,11;3
1993;50;3;280;2;0,1;3
1994;50;3;309;1;0,04;3
1995;50;4;549;1;0,6;3
1996;50;4;555;1;0,4;3
1997;50;20;553;1;0,65;3
1998;50;20;555;2;0,23;3
1999;50;20;287;3;0,12;3
2000;51;1;583;1;0,38;1
2001;51;1;589;1;0,27;1
2002;51;1;272;1;0,17;1
2003;51;1;586;1;0,1;1
2004;51;1;592;1;0,08;1
2005;51;9;589;1;0,44;1
2006;51;9;586;1;0,32;1
2007;51;9;583;1;0,24;1
2008;51;21;592;1;0,65;1
2009;51;21;589;1;0,24;1
2010;51;21;583;1;0,11;1
2011;51;2;1029;1;0,75;1
2012;51;2;272;1;0,2;1
2013;51;2;589;1;0,05;1
2014;51;3;583;1;0,38;1
2015;51;3;589;1;0,27;1
2016;51;3;272;1;0,2;1
2017;51;3;592;1;0,15;1
2018;51;22;594;1;1;1
2019;51;1;584;1;0,38;2
2020;51;1;590;1;0,27;2
2021;51;1;273;1;0,17;2
2022;51;1;587;1;0,1;2
2023;51;1;592;1;0,08;2
2024;51;9;587;1;0,4;2
2025;51;9;590;1;0,36;2
2026;51;9;584;1;0,24;2
2027;51;21;592;1;0,65;2
2028;51;21;590;1;0,24;2
2029;51;21;584;1;0,11;2
2030;51;2;1029;1;0,38;2
2031;51;2;1030;1;0,37;2
2032;51;2;273;1;0,15;2
2033;51;2;590;1;0,1;2
2034;51;3;584;1;0,29;2
2035;51;3;590;1;0,24;2
2036;51;3;273;1;0,2;2
2037;51;3;592;1;0,1;2
2038;51;3;587;1;0,08;2
2039;51;3;583;2;0,07;2
2040;51;3;308;1;0,02;2
2041;51;22;595;1;0,6;2
2042;51;22;594;1;0,4;2
2043;51;1;585;1;0,4;3
2044;51;1;588;1;0,22;3
2045;51;1;273;1;0,2;3
2046;51;1;591;1;0,1;3
2047;51;1;593;1;0,08;3
2048;51;9;588;1;0,5;3
2049;51;9;585;1;0,22;3
2050;51;9;591;1;0,22;3
2051;51;9;587;1;0,06;3
2052;51;21;593;1;0,65;3
2053;51;21;591;1;0,24;3
2054;51;21;585;1;0,11;3
2055;51;2;1030;1;0,5;3
2056;51;2;1029;1;0,25;3
2057;51;2;273;1;0,15;3
2058;51;2;591;1;0,1;3
2059;51;3;585;1;0,29;3
2060;51;3;591;1;0,24;3
2061;51;3;593;1;0,15;3
2062;51;3;588;1;0,12;3
2063;51;3;273;2;0,1;3
2064;51;3;584;2;0,07;3
2065;51;3;309;1;0,03;3
2066;51;22;596;1;0,6;3
2067;51;22;595;1;0,4;3
2068;52;1;811;1;0,5;1
2069;52;1;814;1;0,3;1
2070;52;1;821;1;0,15;1
2071;52;1;820;1;0,05;1
2072;52;2;1029;1;0,75;1
2073;52;2;821;1;0,25;1
2074;52;3;814;1;0,45;1
2075;52;3;821;1;0,25;1
2076;52;3;817;1;0,23;1
2077;52;3;820;1;0,07;1
2078;52;23;821;1;0,7;1
2079;52;23;811;2;0,2;1
2080;52;23;820;1;0,1;1
2081;52;10;817;1;0,7;1
2082;52;10;814;1;0,3;1
2083;52;1;812;1;0,48;2
2084;52;1;815;1;0,25;2
2085;52;1;822;1;0,12;2
2086;52;1;820;1;0,1;2
2087;52;1;814;1;0,05;2
2088;52;2;1029;1;0,38;2
2089;52;2;1030;1;0,37;2
2090;52;2;822;1;0,2;2
2091;52;2;821;1;0,05;2
2092;52;3;815;1;0,42;2
2093;52;3;818;1;0,23;2
2094;52;3;822;1;0,2;2
2095;52;3;820;1;0,1;2
2096;52;3;821;2;0,05;2
2097;52;23;822;1;0,65;2
2098;52;23;812;2;0,15;2
2099;52;23;820;1;0,15;2
2100;52;23;811;2;0,05;2
2101;52;10;818;1;0,65;2
2102;52;10;815;1;0,25;2
2103;52;10;817;2;0,1;2
2104;52;1;813;1;0,42;3
2105;52;1;816;1;0,3;3
2106;52;1;823;1;0,15;3
2107;52;1;815;1;0,08;3
2108;52;1;820;1;0,05;3
2109;52;2;1030;1;0,45;3
2110;52;2;823;1;0,25;3
2111;52;2;1029;1;0,25;3
2112;52;2;822;1;0,05;3
2113;52;3;816;1;0,42;3
2114;52;3;819;1;0,23;3
2115;52;3;823;1;0,2;3
2116;52;3;820;1;0,1;3
2117;52;3;822;2;0,05;3
2118;52;23;823;1;0,65;3
2119;52;23;813;2;0,15;3
2120;52;23;820;1;0,15;3
2121;52;23;822;2;0,05;3
2122;52;10;819;1;0,65;3
2123;52;10;816;1;0,25;3
2124;52;10;818;2;0,1;3
2125;53;1;670;1;0,41;1
2126;53;1;664;1;0,29;1
2127;53;1;673;1;0,2;1
2128;53;1;667;1;0,1;1
2129;53;9;676;1;0,63;1
2130;53;9;664;1;0,33;1
2131;53;9;681;1;0,04;1
2132;53;2;1029;1;0,75;1
2133;53;2;664;1;0,23;1
2134;53;2;681;1;0,02;1
2135;53;3;670;1;0,4;1
2136;53;3;667;1;0,34;1
2137;53;3;295;2;0,2;1
2138;53;3;681;1;0,06;1
2139;53;4;678;1;0,64;1
2140;53;4;664;1;0,33;1
2141;53;4;681;1;0,03;1
2142;53;24;670;1;0,7;1
2143;53;24;664;1;0,3;1
2144;53;10;673;1;0,43;1
2145;53;10;664;1;0,32;1
2146;53;10;307;4;0,25;1
2147;53;6;667;1;0,65;1
2148;53;6;664;1;0,35;1
2149;53;1;671;1;0,39;2
2150;53;1;665;1;0,29;2
2151;53;1;674;1;0,14;2
2152;53;1;668;1;0,1;2
2153;53;1;667;1;0,08;2
2154;53;9;676;1;0,7;2
2155;53;9;665;1;0,24;2
2156;53;9;681;1;0,04;2
2157;53;9;682;1;0,02;2
2158;53;2;1029;1;0,38;2
2159;53;2;1030;1;0,37;2
2160;53;2;665;1;0,24;2
2161;53;2;682;1;0,01;2
2162;53;3;668;1;0,34;2
2163;53;3;671;1;0,25;2
2164;53;3;665;1;0,17;2
2165;53;3;297;1;0,12;2
2166;53;3;681;1;0,08;2
2167;53;3;682;1;0,04;2
2168;53;4;679;1;0,42;2
2169;53;4;665;1;0,33;2
2170;53;4;678;1;0,2;2
2171;53;4;681;1;0,05;2
2172;53;24;671;1;0,5;2
2173;53;24;670;2;0,32;2
2174;53;24;665;1;0,18;2
2175;53;10;674;1;0,37;2
2176;53;10;665;1;0,28;2
2177;53;10;673;1;0,2;2
2178;53;10;307;8;0,15;2
2179;53;6;668;1;0,48;2
2180;53;6;667;1;0,3;2
2181;53;6;665;1;0,22;2
2182;53;1;672;1;0,38;3
2183;53;1;666;1;0,29;3
2184;53;1;675;1;0,15;3
2185;53;1;669;1;0,1;3
2186;53;1;668;1;0,08;3
2187;53;9;677;1;0,7;3
2188;53;9;666;1;0,25;3
2189;53;9;682;1;0,03;3
2190;53;9;683;1;0,02;3
2191;53;2;1030;1;0,5;3
2192;53;2;1029;1;0,25;3
2193;53;2;666;1;0,23;3
2194;53;2;683;1;0,02;3
2195;53;3;669;1;0,36;3
2196;53;3;672;1;0,28;3
2197;53;3;666;1;0,17;3
2198;53;3;298;1;0,11;3
2199;53;3;682;1;0,06;3
2200;53;3;683;1;0,02;3
2201;53;4;680;1;0,44;3
2202;53;4;666;1;0,33;3
2203;53;4;679;1;0,2;3
2204;53;4;683;1;0,03;3
2205;53;24;672;1;0,5;3
2206;53;24;671;2;0,32;3
2207;53;24;666;1;0,18;3
2208;53;10;675;1;0,42;3
2209;53;10;666;1;0,28;3
2210;53;10;674;1;0,22;3
2211;53;10;307;12;0,08;3
2212;53;6;669;1;0,48;3
2213;53;6;668;1;0,3;3
2214;53;6;666;1;0,22;3
2215;54;1;688;1;0,42;2
2216;54;1;684;1;0,32;2
2217;54;1;674;1;0,15;2
2218;54;1;686;1;0,11;2
2219;54;9;676;1;0,66;2
2220;54;9;684;1;0,25;2
2221;54;9;681;1;0,05;2
2222;54;9;682;1;0,04;2
2223;54;2;1029;1;0,38;2
2224;54;2;1030;1;0,37;2
2225;54;2;684;1;0,23;2
2226;54;2;682;1;0,02;2
2227;54;3;686;1;0,35;2
2228;54;3;688;1;0,24;2
2229;54;3;684;1;0,14;2
2230;54;3;681;1;0,1;2
2231;54;3;297;1;0,07;2
2232;54;3;682;1;0,05;2
2233;54;3;690;1;0,05;2
2234;54;4;690;1;0,7;2
2235;54;4;684;1;0,22;2
2236;54;4;681;1;0,08;2
2237;54;24;688;1;0,5;2
2238;54;24;684;1;0,26;2
2239;54;24;688;2;0,24;2
2240;54;10;674;1;0,42;2
2241;54;10;673;1;0,25;2
2242;54;10;684;1;0,2;2
2243;54;10;307;8;0,13;2
2244;54;6;686;1;0,75;2
2245;54;6;684;1;0,25;2
2246;54;1;689;1;0,4;3
2247;54;1;685;1;0,28;3
2248;54;1;675;1;0,14;3
2249;54;1;687;1;0,1;3
2250;54;1;686;1;0,08;3
2251;54;9;677;1;0,69;3
2252;54;9;685;1;0,25;3
2253;54;9;682;1;0,04;3
2254;54;9;683;1;0,02;3
2255;54;2;1030;1;0,5;3
2256;54;2;1029;1;0,25;3
2257;54;2;685;1;0,23;3
2258;54;2;683;1;0,02;3
2259;54;3;687;1;0,35;3
2260;54;3;689;1;0,24;3
2261;54;3;685;1;0,18;3
2262;54;3;298;1;0,08;3
2263;54;3;682;1;0,07;3
2264;54;3;691;1;0,05;3
2265;54;3;683;1;0,03;3
2266;54;4;691;1;0,46;3
2267;54;4;685;1;0,33;3
2268;54;4;690;1;0,18;3
2269;54;4;683;1;0,03;3
2270;54;24;689;1;0,55;3
2271;54;24;688;1;0,27;3
2272;54;24;685;1;0,18;3
2273;54;10;675;1;0,42;3
2274;54;10;685;1;0,28;3
2275;54;10;674;1;0,22;3
2276;54;10;307;8;0,08;3
2277;54;6;687;1;0,5;3
2278;54;6;686;1;0,3;3
2279;54;6;685;1;0,2;3
2280;55;1;694;1;0,4;3
2281;55;1;692;1;0,34;3
2282;55;1;675;1;0,14;3
2283;55;1;693;1;0,1;3
2284;55;1;696;1;0,02;3
2285;55;9;677;1;0,68;3
2286;55;9;692;1;0,25;3
2287;55;9;683;1;0,04;3
2288;55;9;696;1;0,03;3
2289;55;4;695;1;0,62;3
2290;55;4;692;1;0,35;3
2291;55;4;696;1;0,03;3
2292;55;24;694;1;0,55;3
2293;55;24;692;1;0,27;3
2294;55;24;694;2;0,18;3
2295;55;10;675;1;0,72;3
2296;55;10;692;1;0,28;3
2297;55;6;693;1;0,75;3
2298;55;6;692;1;0,25;3
2299;56;1;770;1;0,37;1
2300;56;1;773;1;0,25;1
2301;56;1;784;1;0,2;1
2302;56;1;776;1;0,08;1
2303;56;1;769;1;0,05;1
2304;56;1;213;1;0,05;1
2305;56;9;783;1;0,65;1
2306;56;9;779;1;0,27;1
2307;56;9;213;1;0,08;1
2308;56;2;1029;1;0,72;1
2309;56;2;769;1;0,2;1
2310;56;2;213;1;0,08;1
2311;56;3;773;1;0,32;1
2312;56;3;779;1;0,2;1
2313;56;3;769;2;0,18;1
2314;56;3;776;1;0,12;1
2315;56;3;213;1;0,1;1
2316;56;3;784;2;0,08;1
2317;56;4;782;1;0,64;1
2318;56;4;770;1;0,31;1
2319;56;4;212;1;0,05;1
2320;56;25;779;1;0,5;1
2321;56;25;773;1;0,32;1
2322;56;25;769;1;0,18;1
2323;56;24;784;1;0,55;1
2324;56;24;773;1;0,27;1
2325;56;24;769;1;0,1;1
2326;56;24;213;1;0,08;1
2327;56;26;769;1;0,37;1
2328;56;26;776;1;0,34;1
2329;56;26;776;2;0,2;1
2330;56;26;213;1;0,09;1
2331;56;1;771;1;0,37;2
2332;56;1;774;1;0,2;2
2333;56;1;785;1;0,2;2
2334;56;1;770;1;0,08;2
2335;56;1;777;1;0,08;2
2336;56;1;769;1;0,04;2
2337;56;1;218;1;0,03;2
2338;56;9;783;1;0,6;2
2339;56;9;780;1;0,25;2
2340;56;9;218;1;0,08;2
2341;56;9;213;1;0,07;2
2342;56;2;1029;1;0,37;2
2343;56;2;1030;1;0,35;2
2344;56;2;769;1;0,2;2
2345;56;2;218;1;0,08;2
2346;56;3;774;1;0,3;2
2347;56;3;780;1;0,23;2
2348;56;3;769;2;0,16;2
2349;56;3;777;1;0,12;2
2350;56;3;218;1;0,08;2
2351;56;3;785;2;0,08;2
2352;56;3;308;1;0,03;2
2353;56;4;782;1;0,56;2
2354;56;4;771;1;0,3;2
2355;56;4;212;2;0,08;2
2356;56;4;308;1;0,06;2
2357;56;25;780;1;0,48;2
2358;56;25;774;1;0,3;2
2359;56;25;769;1;0,1;2
2360;56;25;779;2;0,08;2
2361;56;25;308;1;0,04;2
2362;56;24;785;1;0,5;2
2363;56;24;774;1;0,22;2
2364;56;24;784;2;0,1;2
2365;56;24;218;1;0,1;2
2366;56;24;773;2;0,08;2
2367;56;26;777;1;0,34;2
2368;56;26;769;1;0,19;2
2369;56;26;777;2;0,18;2
2370;56;26;776;3;0,12;2
2371;56;26;218;1;0,12;2
2372;56;26;213;2;0,05;2
2373;56;1;772;1;0,37;3
2374;56;1;775;1;0,2;3
2375;56;1;786;1;0,2;3
2376;56;1;771;1;0,12;3
2377;56;1;778;1;0,08;3
2378;56;1;224;1;0,03;3
2379;56;9;783;1;0,55;3
2380;56;9;781;1;0,27;3
2381;56;9;224;1;0,1;3
2382;56;9;218;1;0,08;3
2383;56;2;1030;1;0,5;3
2384;56;2;1029;1;0,25;3
2385;56;2;786;1;0,15;3
2386;56;2;224;1;0,1;3
2387;56;3;775;1;0,3;3
2388;56;3;781;1;0,23;3
2389;56;3;778;1;0,12;3
2390;56;3;780;2;0,1;3
2391;56;3;224;1;0,08;3
2392;56;3;786;2;0,08;3
2393;56;3;218;2;0,06;3
2394;56;3;309;1;0,03;3
2395;56;4;782;1;0,5;3
2396;56;4;772;1;0,37;3
2397;56;4;224;1;0,1;3
2398;56;4;309;1;0,03;3
2399;56;25;781;1;0,59;3
2400;56;25;775;1;0,3;3
2401;56;25;780;2;0,08;3
2402;56;25;309;1;0,03;3
2403;56;24;786;1;0,5;3
2404;56;24;775;1;0,22;3
2405;56;24;224;1;0,1;3
2406;56;24;785;2;0,1;3
2407;56;24;774;2;0,08;3
2408;56;26;778;1;0,52;3
2409;56;26;772;1;0,19;3
2410;56;26;777;2;0,12;3
2411;56;26;224;1;0,12;3
2412;56;26;218;2;0,05;3
2413;57;1;787;1;0,4;2
2414;57;1;797;1;0,27;2
2415;57;1;789;1;0,2;2
2416;57;1;791;1;0,08;2
2417;57;1;217;1;0,05;2
2418;57;9;796;1;0,65;2
2419;57;9;793;1;0,27;2
2420;57;9;217;1;0,08;2
2421;57;2;1029;1;0,38;2
2422;57;2;1030;1;0,37;2
2423;57;2;217;1;0,15;2
2424;57;2;787;1;0,1;2
2425;57;3;789;1;0,3;2
2426;57;3;793;1;0,24;2
2427;57;3;797;2;0,12;2
2428;57;3;217;1;0,11;2
2429;57;3;795;1;0,1;2
2430;57;3;791;1;0,1;2
2431;57;3;308;1;0,03;2
2432;57;4;795;1;0,64;2
2433;57;4;787;1;0,3;2
2434;57;4;308;1;0,06;2
2435;57;25;793;1;0,61;2
2436;57;25;789;1;0,35;2
2437;57;25;308;1;0,04;2
2438;57;26;791;1;0,52;2
2439;57;26;791;2;0,28;2
2440;57;26;217;1;0,12;2
2441;57;26;209;2;0,08;2
2442;57;1;788;1;0,4;3
2443;57;1;798;1;0,27;3
2444;57;1;790;1;0,2;3
2445;57;1;792;1;0,08;3
2446;57;1;217;1;0,05;3
2447;57;9;796;1;0,65;3
2448;57;9;794;1;0,27;3
2449;57;9;217;1;0,08;3
2450;57;2;1030;1;0,5;3
2451;57;2;1029;1;0,25;3
2452;57;2;788;1;0,15;3
2453;57;2;217;1;0,1;3
2454;57;3;790;1;0,3;3
2455;57;3;794;1;0,23;3
2456;57;3;798;2;0,12;3
2457;57;3;217;2;0,11;3
2458;57;3;795;2;0,1;3
2459;57;3;792;1;0,1;3
2460;57;3;309;1;0,04;3
2461;57;4;795;1;0,67;3
2462;57;4;788;1;0,3;3
2463;57;4;309;1;0,03;3
2464;57;25;794;1;0,61;3
2465;57;25;790;1;0,36;3
2466;57;25;309;1;0,03;3
2467;57;26;792;1;0,65;3
2468;57;26;791;2;0,23;3
2469;57;26;217;3;0,12;3
2470;58;1;904;1;0,45;2
2471;58;1;906;1;0,29;2
2472;58;1;914;1;0,13;2
2473;58;1;912;1;0,1;2
2474;58;1;916;1;0,03;2
2475;58;9;908;1;0,8;2
2476;58;9;916;1;0,1;2
2477;58;9;910;1;0,1;2
2478;58;2;1029;1;0,38;2
2479;58;2;1030;1;0,37;2
2480;58;2;904;1;0,25;2
2481;58;3;906;1;0,35;2
2482;58;3;904;1;0,22;2
2483;58;3;914;1;0,21;2
2484;58;3;908;1;0,18;2
2485;58;3;916;1;0,04;2
2486;58;4;914;2;0,65;2
2487;58;4;904;2;0,2;2
2488;58;4;916;1;0,08;2
2489;58;4;306;8;0,07;2
2490;58;7;912;2;0,6;2
2491;58;7;912;1;0,2;2
2492;58;7;906;2;0,12;2
2493;58;7;904;1;0,08;2
2494;58;13;910;2;0,7;2
2495;58;13;906;1;0,17;2
2496;58;13;916;1;0,08;2
2497;58;13;908;1;0,05;2
2498;58;1;905;1;0,4;3
2499;58;1;907;1;0,28;3
2500;58;1;915;1;0,13;3
2501;58;1;913;1;0,09;3
2502;58;1;916;1;0,08;3
2503;58;1;917;1;0,02;3
2504;58;9;909;1;0,82;3
2505;58;9;911;1;0,1;3
2506;58;9;916;1;0,08;3
2507;58;2;1030;1;0,5;3
2508;58;2;1029;1;0,25;3
2509;58;2;905;1;0,24;3
2510;58;2;917;1;0,01;3
2511;58;3;907;1;0,35;3
2512;58;3;905;1;0,22;3
2513;58;3;915;1;0,21;3
2514;58;3;909;1;0,12;3
2515;58;3;916;1;0,08;3
2516;58;3;917;1;0,02;3
2517;58;4;915;2;0,65;3
2518;58;4;905;2;0,2;3
2519;58;4;916;1;0,07;3
2520;58;4;914;4;0,05;3
2521;58;4;917;1;0,03;3
2522;58;7;913;2;0,6;3
2523;58;7;913;1;0,2;3
2524;58;7;907;2;0,12;3
2525;58;7;912;3;0,08;3
2526;58;13;911;2;0,7;3
2527;58;13;907;1;0,17;3
2528;58;13;916;1;0,08;3
2529;58;13;909;1;0,05;3
2530;59;1;918;1;0,41;3
2531;59;1;919;1;0,28;3
2532;59;1;921;1;0,14;3
2533;59;1;920;1;0,1;3
2534;59;1;916;1;0,04;3
2535;59;1;917;1;0,03;3
2536;59;9;909;1;0,82;3
2537;59;9;922;1;0,1;3
2538;59;9;916;1;0,08;3
2539;59;2;1030;1;0,5;3
2540;59;2;1029;1;0,25;3
2541;59;2;918;1;0,23;3
2542;59;2;917;1;0,02;3
2543;59;3;919;1;0,35;3
2544;59;3;918;1;0,25;3
2545;59;3;921;1;0,24;3
2546;59;3;909;1;0,13;3
2547;59;3;917;1;0,03;3
2548;59;4;921;2;0,66;3
2549;59;4;918;2;0,24;3
2550;59;4;916;1;0,07;3
2551;59;4;917;1;0,03;3
2552;59;7;920;2;0,64;3
2553;59;7;920;1;0,24;3
2554;59;7;919;1;0,12;3
2555;59;13;922;2;0,65;3
2556;59;13;919;1;0,17;3
2557;59;13;909;1;0,1;3
2558;59;13;916;1;0,08;3
2559;60;1;923;1;0,41;3
2560;60;1;924;1;0,28;3
2561;60;1;926;1;0,14;3
2562;60;1;925;1;0,11;3
2563;60;1;917;1;0,04;3
2564;60;1;928;1;0,02;3
2565;60;9;909;1;0,8;3
2566;60;9;924;1;0,1;3
2567;60;9;927;1;0,1;3
2568;60;2;1030;1;0,7;3
2569;60;2;923;1;0,25;3
2570;60;2;917;1;0,03;3
2571;60;2;928;1;0,02;3
2572;60;3;924;1;0,35;3
2573;60;3;923;1;0,24;3
2574;60;3;926;1;0,23;3
2575;60;3;909;1;0,13;3
2576;60;3;917;1;0,03;3
2577;60;3;928;1;0,02;3
2578;60;4;926;2;0,68;3
2579;60;4;923;2;0,25;3
2580;60;4;917;1;0,04;3
2581;60;4;928;1;0,03;3
2582;60;7;925;2;0,64;3
2583;60;7;925;1;0,24;3
2584;60;7;924;1;0,12;3
2585;60;13;927;2;0,65;3
2586;60;13;924;1;0,17;3
2587;60;13;909;1;0,1;3
2588;60;13;916;2;0,08;3
2589;61;1;883;1;0,45;2
2590;61;1;885;1;0,24;2
2591;61;1;889;1;0,15;2
2592;61;1;893;1;0,13;2
2593;61;1;895;1;0,03;2
2594;61;27;256;1;0,9;2
2595;61;27;885;1;0,1;2
2596;61;9;891;1;0,7;2
2597;61;9;883;1;0,2;2
2598;61;9;885;1;0,08;2
2599;61;9;895;1;0,02;2
2600;61;2;1029;1;0,38;2
2601;61;2;1030;1;0,37;2
2602;61;2;883;1;0,15;2
2603;61;2;256;1;0,08;2
2604;61;2;895;1;0,02;2
2605;61;3;893;1;0,28;2
2606;61;3;885;1;0,28;2
2607;61;3;889;1;0,2;2
2608;61;3;256;4;0,12;2
2609;61;3;883;2;0,1;2
2610;61;3;895;1;0,02;2
2611;61;16;887;1;0,7;2
2612;61;16;887;2;0,14;2
2613;61;16;883;1;0,13;2
2614;61;16;895;1;0,03;2
2615;61;10;889;1;0,71;2
2616;61;10;889;2;0,17;2
2617;61;10;893;1;0,12;2
2618;61;1;884;1;0,44;3
2619;61;1;886;1;0,23;3
2620;61;1;890;1;0,14;3
2621;61;1;894;1;0,13;3
2622;61;1;895;1;0,04;3
2623;61;1;896;1;0,02;3
2624;61;27;256;1;0,9;3
2625;61;27;886;1;0,1;3
2626;61;9;892;1;0,7;3
2627;61;9;884;1;0,2;3
2628;61;9;886;1;0,05;3
2629;61;9;895;1;0,03;3
2630;61;9;896;1;0,02;3
2631;61;2;1030;1;0,5;3
2632;61;2;1029;1;0,21;3
2633;61;2;884;1;0,17;3
2634;61;2;256;1;0,07;3
2635;61;2;895;1;0,03;3
2636;61;2;896;1;0,02;3
2637;61;3;894;1;0,28;3
2638;61;3;886;1;0,28;3
2639;61;3;890;1;0,2;3
2640;61;3;884;2;0,1;3
2641;61;3;256;6;0,08;3
2642;61;3;895;1;0,04;3
2643;61;3;896;1;0,02;3
2644;61;16;888;1;0,7;3
2645;61;16;884;1;0,12;3
2646;61;16;887;2;0,1;3
2647;61;16;895;1;0,05;3
2648;61;16;896;1;0,03;3
2649;61;10;890;1;0,67;3
2650;61;10;890;2;0,15;3
2651;61;10;894;1;0,12;3
2652;61;10;889;3;0,06;3
2653;62;1;897;1;0,44;3
2654;62;1;898;1;0,24;3
2655;62;1;900;1;0,15;3
2656;62;1;902;1;0,14;3
2657;62;1;903;1;0,03;3
2658;62;27;257;1;0,9;3
2659;62;27;898;1;0,1;3
2660;62;9;901;1;0,69;3
2661;62;9;897;1;0,2;3
2662;62;9;898;1;0,09;3
2663;62;9;903;1;0,02;3
2664;62;2;1030;1;0,5;3
2665;62;2;1029;1;0,25;3
2666;62;2;897;1;0,15;3
2667;62;2;257;1;0,09;3
2668;62;2;903;1;0,01;3
2669;62;3;902;1;0,28;3
2670;62;3;898;1;0,28;3
2671;62;3;900;1;0,2;3
2672;62;3;257;4;0,11;3
2673;62;3;897;2;0,1;3
2674;62;3;903;1;0,03;3
2675;62;16;899;1;0,76;3
2676;62;16;897;1;0,11;3
2677;62;16;899;2;0,1;3
2678;62;16;903;1;0,03;3
2679;62;10;900;1;0,7;3
2680;62;10;900;2;0,15;3
2681;62;10;902;1;0,15;3
2682;63;1;853;1;0,59;2
2683;63;1;851;1;0,18;2
2684;63;1;855;1;0,12;2
2685;63;1;859;1;0,06;2
2686;63;1;308;1;0,05;2
2687;63;2;1029;1;0,38;2
2688;63;2;1030;1;0,37;2
2689;63;2;853;1;0,15;2
2690;63;2;855;1;0,1;2
2691;63;3;853;1;0,3;2
2692;63;3;855;1;0,23;2
2693;63;3;306;8;0,17;2
2694;63;3;857;1;0,15;2
2695;63;3;859;1;0,12;2
2696;63;3;308;1;0,03;2
2697;63;4;851;1;0,58;2
2698;63;4;859;1;0,28;2
2699;63;4;855;1;0,08;2
2700;63;4;853;1;0,06;2
2701;63;25;855;1;0,75;2
2702;63;25;853;1;0,25;2
2703;63;7;857;1;0,65;2
2704;63;7;853;1;0,2;2
2705;63;7;855;1;0,15;2
2706;63;1;854;1;0,6;3
2707;63;1;852;1;0,18;3
2708;63;1;856;1;0,12;3
2709;63;1;860;1;0,06;3
2710;63;1;309;1;0,04;3
2711;63;2;1030;1;0,5;3
2712;63;2;1029;1;0,25;3
2713;63;2;854;1;0,15;3
2714;63;2;856;1;0,1;3
2715;63;3;854;1;0,3;3
2716;63;3;856;1;0,23;3
2717;63;3;851;2;0,17;3
2718;63;3;858;1;0,15;3
2719;63;3;860;1;0,12;3
2720;63;3;309;1;0,03;3
2721;63;4;852;1;0,58;3
2722;63;4;860;1;0,28;3
2723;63;4;856;1;0,08;3
2724;63;4;854;1;0,06;3
2725;63;25;856;1;0,75;3
2726;63;25;854;1;0,25;3
2727;63;7;858;1;0,65;3
2728;63;7;854;1;0,2;3
2729;63;7;856;1;0,15;3
2730;64;1;861;1;0,55;3
2731;64;1;852;1;0,2;3
2732;64;1;862;1;0,12;3
2733;64;1;860;1;0,08;3
2734;64;1;309;1;0,05;3
2735;64;2;1030;1;0,5;3
2736;64;2;1029;1;0,25;3
2737;64;2;861;1;0,15;3
2738;64;2;862;1;0,1;3
2739;64;3;861;1;0,3;3
2740;64;3;862;1;0,23;3
2741;64;3;851;2;0,15;3
2742;64;3;858;1;0,15;3
2743;64;3;860;1;0,13;3
2744;64;3;309;1;0,04;3
2745;64;4;852;1;0,58;3
2746;64;4;860;1;0,28;3
2747;64;4;862;1;0,08;3
2748;64;4;861;1;0,06;3
2749;64;25;862;1;0,75;3
2750;64;25;861;1;0,25;3
2751;64;7;858;1;0,65;3
2752;64;7;861;1;0,2;3
2753;64;7;862;1;0,15;3
2754;65;1;838;1;0,42;2
2755;65;1;840;1;0,31;2
2756;65;1;844;1;0,19;2
2757;65;1;842;1;0,06;2
2758;65;1;849;1;0,02;2
2759;65;9;848;1;0,74;2
2760;65;9;840;1;0,24;2
2761;65;9;849;1;0,02;2
2762;65;2;1029;1;0,38;2
2763;65;2;1030;1;0,37;2
2764;65;2;844;1;0,24;2
2765;65;2;849;1;0,01;2
2766;65;3;838;1;0,3;2
2767;65;3;840;1;0,3;2
2768;65;3;846;1;0,2;2
2769;65;3;848;1;0,1;2
2770;65;3;844;2;0,08;2
2771;65;3;849;1;0,02;2
2772;65;16;842;1;0,76;2
2773;65;16;838;1;0,24;2
2774;65;5;846;1;0,59;2
2775;65;5;844;1;0,27;2
2776;65;5;840;1;0,14;2
2777;65;1;839;1;0,4;3
2778;65;1;841;1;0,3;3
2779;65;1;845;1;0,19;3
2780;65;1;843;1;0,06;3
2781;65;1;849;1;0,03;3
2782;65;1;850;1;0,02;3
2783;65;9;848;1;0,71;3
2784;65;9;841;1;0,24;3
2785;65;9;849;1;0,03;3
2786;65;9;850;1;0,02;3
2787;65;2;1030;1;0,5;3
2788;65;2;1029;1;0,25;3
2789;65;2;845;1;0,22;3
2790;65;2;849;1;0,02;3
2791;65;2;850;1;0,01;3
2792;65;3;841;1;0,3;3
2793;65;3;839;1;0,27;3
2794;65;3;847;1;0,2;3
2795;65;3;848;1;0,1;3
2796;65;3;845;2;0,08;3
2797;65;3;849;1;0,03;3
2798;65;3;850;1;0,02;3
2799;65;16;843;1;0,74;3
2800;65;16;839;1;0,16;3
2801;65;16;842;2;0,1;3
2802;65;5;847;1;0,59;3
2803;65;5;845;1;0,17;3
2804;65;5;841;1;0,14;3
2805;65;5;846;2;0,1;3
2806;66;1;799;1;0,47;1
2807;66;1;800;1;0,36;1
2808;66;1;804;1;0,15;1
2809;66;1;805;1;0,02;1
2810;66;28;803;1;0,53;1
2811;66;28;799;1;0,3;1
2812;66;28;800;1;0,17;1
2813;66;24;801;1;0,67;1
2814;66;24;799;1;0,17;1
2815;66;24;804;1;0,13;1
2816;66;24;805;1;0,03;1
2817;66;6;800;1;0,52;1
2818;66;6;799;1;0,32;1
2819;66;6;799;2;0,16;1
2820;66;13;802;1;0,78;1
2821;66;13;800;1;0,22;1
2822;67;1;806;1;0,45;3
2823;67;1;807;1;0,37;3
2824;67;1;804;1;0,1;3
2825;67;1;805;1;0,05;3
2826;67;1;810;1;0,03;3
2827;67;28;809;1;0,53;3
2828;67;28;806;1;0,3;3
2829;67;28;807;1;0,17;3
2830;67;24;808;1;0,67;3
2831;67;24;806;1;0,17;3
2832;67;24;804;1;0,13;3
2833;67;24;810;1;0,03;3
2834;67;6;807;1;0,52;3
2835;67;6;806;1;0,32;3
2836;67;6;806;2;0,16;3
2837;67;13;802;1;0,78;3
2838;67;13;807;1;0,22;3
2839;68;1;929;1;0,39;2
2840;68;1;931;1;0,28;2
2841;68;1;935;1;0,2;2
2842;68;1;933;1;0,11;2
2843;68;1;942;1;0,02;2
2844;68;9;938;1;0,65;2
2845;68;9;929;1;0,32;2
2846;68;9;942;1;0,03;2
2847;68;2;1030;1;0,35;2
2848;68;2;935;1;0,34;2
2849;68;2;1029;1;0,3;2
2850;68;2;942;1;0,01;2
2851;68;3;937;1;0,4;2
2852;68;3;931;1;0,36;2
2853;68;3;935;1;0,2;2
2854;68;3;942;1;0,04;2
2855;68;4;933;1;0,5;2
2856;68;4;937;1;0,35;2
2857;68;4;933;2;0,15;2
2858;68;1;930;1;0,38;3
2859;68;1;932;1;0,27;3
2860;68;1;936;1;0,19;3
2861;68;1;934;1;0,1;3
2862;68;1;942;1;0,04;3
2863;68;1;943;1;0,02;3
2864;68;9;939;1;0,65;3
2865;68;9;930;1;0,28;3
2866;68;9;942;1;0,05;3
2867;68;9;943;1;0,02;3
2868;68;2;1030;1;0,4;3
2869;68;2;936;1;0,32;3
2870;68;2;1029;1;0,25;3
2871;68;2;942;1;0,02;3
2872;68;2;943;1;0,01;3
2873;68;3;932;1;0,3;3
2874;68;3;936;1;0,28;3
2875;68;3;930;1;0,18;3
2876;68;3;937;1;0,16;3
2877;68;3;942;1;0,05;3
2878;68;3;943;1;0,03;3
2879;68;4;934;1;0,65;3
2880;68;4;937;1;0,2;3
2881;68;4;934;2;0,15;3
2882;69;1;930;1;0,33;3
2883;69;1;932;1;0,22;3
2884;69;1;936;1;0,18;3
2885;69;1;934;1;0,15;3
2886;69;1;942;1;0,07;3
2887;69;1;943;1;0,05;3
2888;69;9;939;1;0,65;3
2889;69;9;930;1;0,26;3
2890;69;9;942;1;0,06;3
2891;69;9;943;1;0,03;3
2892;69;2;1030;1;0,5;3
2893;69;2;936;1;0,42;3
2894;69;2;942;1;0,05;3
2895;69;2;943;1;0,03;3
2896;69;3;932;1;0,3;3
2897;69;3;936;1;0,24;3
2898;69;3;941;1;0,2;3
2899;69;3;930;1;0,16;3
2900;69;3;942;1;0,06;3
2901;69;3;943;1;0,04;3
2902;69;4;934;1;0,7;3
2903;69;4;934;2;0,3;3
2904;70;1;826;1;0,5;2
2905;70;1;824;1;0,32;2
2906;70;1;830;1;0,14;2
2907;70;1;831;1;0,04;2
2908;70;29;824;1;0,49;2
2909;70;29;451;1;0,27;2
2910;70;29;1027;1;0,23;2
2911;70;29;831;1;0,01;2
2912;70;30;215;1;0,4;2
2913;70;30;208;1;0,26;2
2914;70;30;824;1;0,2;2
2915;70;30;826;1;0,14;2
2916;70;18;830;1;0,76;2
2917;70;18;830;2;0,2;2
2918;70;18;831;1;0,04;2
2919;70;5;828;1;0,75;2
2920;70;5;824;1;0,15;2
2921;70;5;312;2;0,1;2
2922;70;6;826;1;0,46;2
2923;70;6;824;1;0,25;2
2924;70;6;312;1;0,15;2
2925;70;6;215;1;0,14;2
2926;70;1;825;1;0;3
2927;70;1;827;1;0;3
2928;70;1;836;1;0;3
2929;70;1;831;1;0;3
2930;70;1;832;1;0;3
2931;70;29;825;1;0;3
2932;70;29;452;1;0;3
2933;70;29;832;1;0;3
2934;70;30;825;1;0;3
2935;70;30;827;1;0;3
2936;70;30;215;1;0;3
2937;70;30;222;1;0;3
2938;70;30;223;1;0;3
2939;70;18;836;1;0;3
2940;70;18;836;2;0;3
2941;70;18;832;1;0;3
2942;70;5;829;1;0;3
2943;70;5;825;1;0;3
2944;70;5;312;2;0;3
2945;70;6;827;1;0;3
2946;70;6;825;1;0;3
2947;70;6;312;2;0;3
2948;71;1;834;1;0,44;3
2949;71;1;833;1;0,31;3
2950;71;1;836;1;0,13;3
2951;71;1;831;1;0,07;3
2952;71;1;832;1;0,05;3
2953;71;29;833;1;0,6;3
2954;71;29;452;1;0,34;3
2955;71;29;831;1;0,04;3
2956;71;29;832;1;0,02;3
2957;71;30;215;1;0,3;3
2958;71;30;834;1;0,24;3
2959;71;30;833;1;0,2;3
2960;71;30;837;1;0,14;3
2961;71;30;222;1;0,12;3
2962;71;18;836;1;0,7;3
2963;71;18;836;2;0,1;3
2964;71;18;830;2;0,1;3
2965;71;18;831;1;0,06;3
2966;71;18;832;1;0,04;3
2967;71;5;835;1;0,65;3
2968;71;5;833;1;0,15;3
2969;71;5;312;2;0,1;3
2970;71;5;835;2;0,1;3
2971;71;6;834;1;0,43;3
2972;71;6;833;1;0,23;3
2973;71;6;837;1;0,19;3
2974;71;6;312;2;0,15;3
2975;72;1;944;1;0,33;2
2976;72;1;946;1;0,29;2
2977;72;1;948;1;0,17;2
2978;72;1;954;1;0,1;2
2979;72;1;312;1;0,08;2
2980;72;1;957;1;0,03;2
2981;72;9;952;1;0,6;2
2982;72;9;946;1;0,36;2
2983;72;9;957;1;0,04;2
2984;72;16;954;1;0,5;2
2985;72;16;955;1;0,4;2
2986;72;16;946;1;0,1;2
2987;72;7;950;1;0,53;2
2988;72;7;944;1;0,3;2
2989;72;7;946;1;0,17;2
2990;72;26;948;1;0,52;2
2991;72;26;946;1;0,33;2
2992;72;26;948;2;0,1;2
2993;72;26;946;2;0,05;2
2994;72;1;955;1;0;3
2995;72;1;947;1;0;3
2996;72;1;945;1;0;3
2997;72;1;949;1;0;3
2998;72;1;958;1;0;3
2999;72;1;957;1;0;3
3000;72;9;953;1;0;3
3001;72;9;957;1;0;3
3002;72;9;958;1;0;3
3003;72;9;947;1;0;3
3004;72;16;956;1;0;3
3005;72;16;955;1;0;3
3006;72;7;951;1;0;3
3007;72;26;949;1;0;3
3008;72;26;947;1;0;3
3009;72;26;949;2;0;3
3010;73;1;959;1;0,4;3
3011;73;1;960;1;0,31;3
3012;73;1;961;1;0,16;3
3013;73;1;966;1;0,09;3
3014;73;1;967;1;0,04;3
3015;73;4;962;1;0,71;3
3016;73;4;959;2;0,17;3
3017;73;4;967;1;0,12;3
3018;73;24;965;1;0,8;3
3019;73;24;966;1;0,17;3
3020;73;24;967;1;0,03;3
3021;73;31;963;1;0,7;3
3022;73;31;961;1;0,29;3
3023;73;31;967;1;0,01;3
3024;73;32;964;1;0,77;3
3025;73;32;966;1;0,2;3
3026;73;32;312;3;0,03;3
3027;1;51;72;1;0,55;1
3028;1;51;48;1;0,3;1
3029;1;51;-1;1;0,15;1
3030;1;52;73;1;0,95;1
3031;1;52;328;1;0,05;1
3032;1;51;72;1;0,55;2
3033;1;51;48;1;0,3;2
3034;1;51;-1;1;0,15;2
3035;1;52;73;1;0,95;2
3036;1;52;328;1;0,05;2
3037;2;51;362;1;0,6;1
3038;2;51;-1;1;0,25;1
3039;2;51;361;1;0,15;1
3040;2;52;316;1;1;1
3041;2;51;362;1;0,6;2
3042;2;51;-1;1;0,25;2
3043;2;51;361;1;0,15;2
3044;2;52;316;1;1;2
3045;3;51;48;1;0,55;1
3046;3;51;317;1;0,25;1
3047;3;51;-1;1;0,2;1
3048;3;51;48;1;0,55;2
3049;3;51;317;1;0,25;2
3050;3;51;-1;1;0,2;2
3051;5;51;361;1;0,7;1
3052;5;51;-1;1;0,3;1
3053;5;52;370;1;0,95;1
3054;5;52;330;1;0,05;1
3055;5;51;361;1;0,7;2
3056;5;51;-1;1;0,3;2
3057;5;52;374;1;0,95;2
3058;5;52;330;1;0,05;2
3059;6;51;362;1;0,4;1
3060;6;51;-1;1;0,3;1
3061;6;51;365;1;0,3;1
3062;6;51;362;1;0,4;2
3063;6;51;-1;1;0,3;2
3064;6;51;365;1;0,3;2
3065;7;51;232;1;0,45;1
3066;7;51;233;1;0,35;1
3067;7;51;-1;1;0,2;1
3068;7;51;232;1;0,45;2
3069;7;51;233;1;0,35;2
3070;7;51;-1;1;0,2;2
3071;8;51;233;1;0,45;1
3072;8;51;232;1;0,35;1
3073;8;51;-1;1;0,2;1
3074;8;51;233;1;0,45;2
3075;8;51;232;1;0,35;2
3076;8;51;-1;1;0,2;2
3077;9;51;365;1;0,45;1
3078;9;51;313;1;0,3;1
3079;9;51;-1;1;0,25;1
3080;9;51;365;1;0,45;2
3081;9;51;313;1;0,3;2
3082;9;51;-1;1;0,25;2
3083;10;51;-1;1;0,45;1
3084;10;51;365;1;0,4;1
3085;10;51;370;1;0,15;1
3086;10;51;-1;1;0,45;2
3087;10;51;365;1;0,4;2
3088;10;51;374;1;0,15;2
3089;11;51;318;1;0,6;1
3090;11;51;-1;1;0,25;1
3091;11;51;368;1;0,15;1
3092;11;51;318;1;0,6;2
3093;11;51;-1;1;0,25;2
3094;11;51;368;1;0,15;2
3095;12;51;318;1;0,55;1
3096;12;51;368;1;0,43;1
3097;12;51;326;1;0,02;1
3098;12;51;318;1;0,55;2
3099;12;51;368;1;0,43;2
3100;12;51;326;1;0,02;2
3101;13;51;318;1;0,6;2
3102;13;51;-1;1;0,25;2
3103;13;51;368;1;0,15;2
3104;14;51;318;1;0,6;2
3105;14;51;-1;1;0,25;2
3106;14;51;368;1;0,15;2
3107;15;51;317;1;0,5;1
3108;15;51;325;1;0,35;1
3109;15;51;-1;1;0,15;1
3110;15;51;317;1;0,5;2
3111;15;51;325;1;0,35;2
3112;15;51;-1;1;0,15;2
3113;20;51;372;1;0,75;2
3114;20;51;-1;1;0,2;2
3115;20;51;373;1;0,05;2
3116;23;51;57;1;0,4;1
3117;23;51;328;1;0,25;1
3118;23;51;326;1;0,2;1
3119;23;51;-1;1;0,15;1
3120;23;53;57;1;0,4;1
3121;23;53;328;1;0,3;1
3122;23;53;326;1;0,2;1
3123;23;53;-1;1;0,1;1
3124;23;51;57;1;0,4;2
3125;23;51;341;1;0,25;2
3126;23;51;339;1;0,2;2
3127;23;51;-1;1;0,15;2
3128;23;53;57;1;0,4;2
3129;23;53;341;1;0,3;2
3130;23;53;339;1;0,2;2
3131;23;53;-1;1;0,1;2
3132;24;51;17;1;0,4;2
3133;24;51;341;1;0,25;2
3134;24;51;339;1;0,2;2
3135;24;51;-1;1;0,15;2
3136;24;53;17;1;0,4;2
3137;24;53;341;1;0,3;2
3138;24;53;339;1;0,2;2
3139;24;53;-1;1;0,1;2
3140;25;51;20;1;0,4;2
3141;25;51;341;1;0,25;2
3142;25;51;339;1;0,2;2
3143;25;51;-1;1;0,15;2
3144;25;53;20;1;0,4;2
3145;25;53;341;1;0,3;2
3146;25;53;339;1;0,2;2
3147;25;53;-1;1;0,1;2
3148;26;51;340;1;0,4;2
3149;26;51;57;1;0,25;2
3150;26;51;342;1;0,2;2
3151;26;51;-1;1;0,15;2
3152;26;53;340;1;0,35;2
3153;26;53;57;1;0,3;2
3154;26;53;342;1;0,25;2
3155;26;53;-1;1;0,1;2
3156;28;51;340;1;0,4;2
3157;28;51;57;1;0,25;2
3158;28;51;345;1;0,2;2
3159;28;51;-1;1;0,15;2
3160;28;53;340;1;0,35;2
3161;28;53;57;1;0,3;2
3162;28;53;345;1;0,25;2
3163;28;53;-1;1;0,1;2
3164;29;51;322;1;0,4;1
3165;29;51;57;1;0,25;1
3166;29;51;332;1;0,2;1
3167;29;51;-1;1;0,15;1
3168;29;53;322;1;0,35;1
3169;29;53;57;1;0,3;1
3170;29;53;332;1;0,25;1
3171;29;53;-1;1;0,1;1
3172;29;51;37;1;0,4;2
3173;29;51;57;1;0,25;2
3174;29;51;343;1;0,2;2
3175;29;51;-1;1;0,15;2
3176;29;53;37;1;0,35;2
3177;29;53;57;1;0,3;2
3178;29;53;343;1;0,25;2
3179;29;53;-1;1;0,1;2
3180;30;51;37;1;0,4;2
3181;30;51;57;1;0,25;2
3182;30;51;343;1;0,2;2
3183;30;51;-1;1;0,15;2
3184;30;53;37;1;0,35;2
3185;30;53;57;1;0,3;2
3186;30;53;343;1;0,25;2
3187;30;53;-1;1;0,1;2
3188;31;51;57;1;0,35;2
3189;31;51;375;1;0,25;2
3190;31;51;346;1;0,25;2
3191;31;51;-1;1;0,15;2
3192;31;53;57;1;0,35;2
3193;31;53;346;1;0,3;2
3194;31;53;375;1;0,25;2
3195;31;53;-1;1;0,1;2
3196;33;51;327;1;0,35;2
3197;33;51;371;1;0,3;2
3198;33;51;351;1;0,25;2
3199;33;51;-1;1;0,1;2
3200;33;53;327;1;0,35;2
3201;33;53;371;1;0,3;2
3202;33;53;351;1;0,3;2
3203;33;53;-1;1;0,05;2
3204;34;51;327;1;0,35;2
3205;34;51;376;1;0,3;2
3206;34;51;351;1;0,25;2
3207;34;51;-1;1;0,1;2
3208;34;53;327;1;0,35;2
3209;34;53;376;1;0,3;2
3210;34;53;351;1;0,3;2
3211;34;53;-1;1;0,05;2
3212;35;51;327;1;0,4;2
3213;35;51;29;1;0,25;2
3214;35;51;353;1;0,25;2
3215;35;51;-1;1;0,1;2
3216;35;53;327;1;0,4;2
3217;35;53;353;1;0,3;2
3218;35;53;29;1;0,25;2
3219;35;53;-1;1;0,05;2
3220;37;51;371;1;0,35;1
3221;37;51;327;1;0,3;1
3222;37;51;334;1;0,25;1
3223;37;51;-1;1;0,1;1
3224;37;53;327;1;0,35;1
3225;37;53;371;1;0,3;1
3226;37;53;334;1;0,3;1
3227;37;53;-1;1;0,05;1
3228;37;51;371;1;0,35;2
3229;37;51;327;1;0,3;2
3230;37;51;59;1;0,25;2
3231;37;51;-1;1;0,1;2
3232;37;53;327;1;0,35;2
3233;37;53;371;1;0,3;2
3234;37;53;59;1;0,3;2
3235;37;53;-1;1;0,05;2
3236;38;51;371;1;0,35;2
3237;38;51;327;1;0,3;2
3238;38;51;60;1;0,25;2
3239;38;51;-1;1;0,1;2
3240;38;53;327;1;0,35;2
3241;38;53;371;1;0,3;2
3242;38;53;60;1;0,3;2
3243;38;53;-1;1;0,05;2
3244;40;51;327;1;0,4;1
3245;40;51;371;1;0,25;1
3246;40;51;335;1;0,25;1
3247;40;51;-1;1;0,1;1
3248;40;53;327;1;0,4;1
3249;40;53;335;1;0,3;1
3250;40;53;371;1;0,25;1
3251;40;53;-1;1;0,05;1
3252;40;51;327;1;0,4;2
3253;40;51;371;1;0,25;2
3254;40;51;61;1;0,25;2
3255;40;51;-1;1;0,1;2
3256;40;53;327;1;0,4;2
3257;40;53;61;1;0,3;2
3258;40;53;371;1;0,25;2
3259;40;53;-1;1;0,05;2
3260;41;51;327;1;0,35;2
3261;41;51;371;1;0,25;2
3262;41;51;356;1;0,25;2
3263;41;51;-1;1;0,15;2
3264;41;53;327;1;0,35;2
3265;41;53;356;1;0,3;2
3266;41;53;371;1;0,25;2
3267;41;53;-1;1;0,1;2
3268;43;51;327;1;0,35;2
3269;43;51;371;1;0,25;2
3270;43;51;350;1;0,25;2
3271;43;51;-1;1;0,15;2
3272;43;53;327;1;0,35;2
3273;43;53;350;1;0,3;2
3274;43;53;371;1;0,25;2
3275;43;53;-1;1;0,1;2
3276;44;51;327;1;0,35;2
3277;44;51;371;1;0,3;2
3278;44;51;350;1;0,25;2
3279;44;51;-1;1;0,1;2
3280;44;53;327;1;0,35;2
3281;44;53;371;1;0,3;2
3282;44;53;350;1;0,3;2
3283;44;53;-1;1;0,05;2
3284;49;51;326;1;0,4;1
3285;49;51;369;1;0,25;1
3286;49;51;331;1;0,2;1
3287;49;51;-1;1;0,15;1
3288;49;53;326;1;0,35;1
3289;49;53;331;1;0,3;1
3290;49;53;369;1;0,25;1
3291;49;53;-1;1;0,1;1
3292;49;51;339;1;0,4;2
3293;49;51;369;1;0,25;2
3294;49;51;344;1;0,2;2
3295;49;51;-1;1;0,15;2
3296;49;53;339;1;0,35;2
3297;49;53;344;1;0,3;2
3298;49;53;369;1;0,25;2
3299;49;53;-1;1;0,1;2
3300;50;51;15;1;0,4;2
3301;50;51;375;1;0,25;2
3302;50;51;344;1;0,2;2
3303;50;51;-1;1;0,15;2
3304;50;53;15;1;0,35;2
3305;50;53;344;1;0,3;2
3306;50;53;375;1;0,25;2
3307;50;53;-1;1;0,1;2
3308;51;51;371;1;0,4;2
3309;51;51;210;1;0,25;2
3310;51;51;347;1;0,25;2
3311;51;51;-1;1;0,1;2
3312;51;53;371;1;0,4;2
3313;51;53;347;1;0,3;2
3314;51;53;210;1;0,25;2
3315;51;53;-1;1;0,05;2
3316;53;51;331;1;0,35;1
3317;53;51;371;1;0,25;1
3318;53;51;336;1;0,25;1
3319;53;51;-1;1;0,15;1
3320;53;53;331;1;0,35;1
3321;53;53;336;1;0,3;1
3322;53;53;371;1;0,25;1
3323;53;53;-1;1;0,1;1
3324;53;51;327;1;0,35;2
3325;53;51;371;1;0,25;2
3326;53;51;348;1;0,25;2
3327;53;51;-1;1;0,15;2
3328;53;53;327;1;0,35;2
3329;53;53;348;1;0,3;2
3330;53;53;371;1;0,25;2
3331;53;53;-1;1;0,1;2
3332;54;51;327;1;0,35;2
3333;54;51;376;1;0,25;2
3334;54;51;357;1;0,25;2
3335;54;51;-1;1;0,15;2
3336;54;53;327;1;0,35;2
3337;54;53;357;1;0,3;2
3338;54;53;376;1;0,25;2
3339;54;53;-1;1;0,1;2
3340;58;51;327;1;0,3;2
3341;58;51;371;1;0,3;2
3342;58;51;355;1;0,25;2
3343;58;51;-1;1;0,15;2
3344;58;53;327;1;0,3;2
3345;58;53;371;1;0,3;2
3346;58;53;355;1;0,3;2
3347;58;53;-1;1;0,1;2
3348;61;51;327;1;0,4;2
3349;61;51;371;1;0,25;2
3350;61;51;354;1;0,25;2
3351;61;51;-1;1;0,1;2
3352;61;53;327;1;0,4;2
3353;61;53;354;1;0,3;2
3354;61;53;371;1;0,25;2
3355;61;53;-1;1;0,05;2
3356;63;51;327;1;0,35;2
3357;63;51;371;1;0,25;2
3358;63;51;349;1;0,25;2
3359;63;51;-1;1;0,15;2
3360;63;53;371;1;0,3;2
3361;63;53;327;1;0,3;2
3362;63;53;349;1;0,3;2
3363;63;53;-1;1;0,1;2
3364;65;51;327;1;0,35;2
3365;65;51;371;1;0,25;2
3366;65;51;352;1;0,25;2
3367;65;51;-1;1;0,15;2
3368;65;53;327;1;0,35;2
3369;65;53;352;1;0,3;2
3370;65;53;371;1;0,25;2
3371;65;53;-1;1;0,1;2
3372;68;51;327;1;0,35;2
3373;68;51;376;1;0,25;2
3374;68;51;358;1;0,25;2
3375;68;51;-1;1;0,15;2
3376;68;53;327;1;0,35;2
3377;68;53;358;1;0,3;2
3378;68;53;376;1;0,25;2
3379;68;53;-1;1;0,1;2
